Sub,Post_ID,Title,Date,Content
liberal,gud7gl,Conservative Group,2020-06-01,conservative understand coming process questions hate voted hell ve learned hard close minded terrible
liberal,gui1ht,"My thoughts on how to insure vote by mail against potential for fraud and manipulation. - Door to door registration drives , Anonymous ballots, and drive by ballot boxes.",2020-06-01,ow vote mail system merica voter mail registration ballot response statements vote mail system easily lost voter registration fake dead people voter views current resident issues time people vote election ovid attend voting makes voting person voting mail terms people trust voting person voter registration anonymous ballot hese identity voter vote voter fraud votes votes received checked people registered vote mail fix vote mail person voter person voter registration anonymous voting team people door door register people vote person voting answer vote anonymous voting eople allowed refuse voting lost voting mail voting address hese mail idea bring ballot mail box local ballots issue voter ballot received win ballot voters ballot bringing ballot box people idea door door voter registration process answer people walk ballot box anonymous
liberal,gvhecu,Does the Right to Freedom of Speech Extend to Destruction of Others' Private Property?,2020-06-03,curious freedom speech oes freedom speech destroy hat protest supported person destroy free answer es justify
liberal,gw1zjq,YSK the 4 Rules of Gun Safety,2020-06-04,support amendment reality guns record total firearm background background check system record lot people buying firearm time handle firearm reality rom people died firearm nited tates million kids age living people children included die result poor firearm safety debate education ere rules gun safety guns cover destroy decision shoot lies gun educate firearm safety lease rules safe
liberal,gwfsuv,How can I help protest police brutality in the US from the other side of the world?,2020-06-04,wrong question hard citizen live life parents recently country violence feel merican hold government accountable worried safety protest protests doesnt signs dont strongly dont address roll dont system government stimulus check rest stop citizens
liberal,gwq165,These trolls are fucking annoying!!!,2020-06-05,ave comments section post video comment complaining leftist complaining video post comment havent read comment past months comment section ve read past months complaining remember time people complaining internet havent found ike shut youre
liberal,gxi5pc,Please help me understand the concepts and benefits of prison and police abolition,2020-06-06,politics liberal possibly dont understand hen lot information corrupt links money government control systems agree bad owever happen violent dangerous ould society hen accounts defense ridiculous dont understand hard time minded head lease
liberal,gy18fi,Racism Has Nothing To Do With Hating Other Races,2020-06-07,grew black kid racism life moment experience directly lived low home friends party local community friends community mom parents kids time realized family basically minority living told focus race person lived life eventually school black brought treated forced treated equal environment grew opinion matter changed ago eye background issues police safe police kid family people community living communities nited tates happened life extremely taking care walk helped situation life lost talk white friend telling wear walk shot police ve issues wearing matter hey experience black person based news absolutely black people pushed beliefs hen black people news feel equal conversation color hese people call racist textbook definition realized racism hate ts view people love racist argue lot race moment people racist
liberal,gy3czm,The Next Two Weeks Have The Potential to be Terrifying,2020-06-07,idea rump law threat rumps playing front eyes war hile faith lot hell ade video complete vote oe iden guy
liberal,gyqjr7,"If Biden wins the Presidential Election of 2020, can we not be sore-winners?",2020-06-08,hen rump won election heard president won ike toxic democrats ran run top current ets epublican epublican party dont hate republicans conservatives hate current agenda ets start administration
liberal,gzf47k,Dealing with Trump Supporter Parents during 2020,2020-06-09,funny incredibly conservative conservative family hat changed frankly world leftist nyway ve rump supporters attend protests happening shit dad es conspiracy conservative liberals owever dont hate means recently politics black family liberal engage debate lot anger agreed talk politics oes run issue family ow approach debate
liberal,gzpkls,Looking for a source for an anecdote about Trump followers backing his lying,2020-06-10,ve heard recently rump supporters hearing rumps lies finding process lie follow dont care lie people post heard social media lot hard finding rump advance
liberal,h81qho,Help me understand conservatives,2020-06-13,request hear honest explain ve understand people hold views actively horrible society ass single ideology sort understand basic fear fear racism wing politicians feel act type voter people liberal views bad ince fellow humans environment ven liberal anger conservative definition threat ox universe liberal bias id conservative subs post post toxic racism people lives matter position anti liberal rhetoric calling aybe
liberal,h89d9g,Which Fox News Host hurts our national discourse the most?,2020-06-14,honestly answer worse ill awful heres racist run money roll eyes shes person hey closed left
liberal,h98l3a,Garret Rolfe has murdered Rayshard Brooks. He must be held accountable.,2020-06-15,video evidence continue law broke law police officers law police force ur police held standard ost officers citizens care helping people hese strong values continue bad ets stand justice movement ur wouldnt rest inequality hey chance life dont strong action bring strong stand
liberal,hanczb,Death and Freedom,2020-06-17,liberal free personal belief die fighting die fighting act world spend movement
liberal,hbe0qb,What is your opinion on over sexualization in media ?,2020-06-18,huge amount culture people ot audience source ow topic type media
liberal,hcdbbz,Why conservative thinking is dead flat wrong,2020-06-20,pregnant onservatives blame debate team outcome fault reality decision decision based world including situation times pregnant time chance world free huge universe word humans universe completely chance world chance hat playing time mom conversation friend father play situation times pregnant aybe debate team times based chance negative fault positive chance time hit play free exact situation force religious belief heres theory theory idea people hours day days entire pregnant matter million parents home money job friend pregnant learned mistake mom speech time friends conservative belief outcome fault factual ts false belief ts science effect conservatives wrong hey true universe universe thinking leads political beliefs onservatives choices lead choices ts completely world view leads bad policy thinking religious ts stuff eventually people gain universe people people educated religion
liberal,hcf1pm,Trump launches coup against Voice of America and Radio Free Europe.,2020-06-20,hat effect presidency anuary hey merica worse hat propaganda dollar budget world assume resident iden people
liberal,hcinmh,A question about Skai Jackson’s behavior.,2020-06-20,independent conservative leaning human lives parents stupid completely understand ut parents jobs actions hat kid stupid life family literally actions wondering havent heard left response hoping guys hate start issues civil dont deleted post
liberal,hcpqzu,Survey to see how external factors impact our politics and acceptance of others,2020-06-21,fter feedback ve changed direction political views gender sexual feel free hank
liberal,hd2nl8,"Making fun of ""backwards"" rural areas is intellectually lazy and an asshole move.",2020-06-21,decades popular culture rural merica shit called rest election rump ince attack rural country left continued create rural communities hese communities huge social issues tend immigrant minority communities definition hese people people communities wrong
liberal,hddz4m,Jokes that aren’t funny anymore.,2020-06-22,ne issue ve grew conservative republican conservative republican town feel strongly liberal politics extremely liberal city ve noticed completely ve extremely realize people stopped liberal people ut feel conservative answer books media
liberal,he02jc,Thank you reddit,2020-06-23,hank people checking lost father police officers community dad watching war gun
liberal,he4wxd,What does defund the police mean?,2020-06-23,attack movement understand means entire police police departments public police entire police departments police departments anymore public hank
liberal,hecu8s,Protesters tear down Ulysess S. Grant statue,2020-06-23,ind left police brutality racism hell left ts theyve lost minds destroy isnt policy change ike focused police ashington rant en feels police brutality massive police feeling pushed sort behavior
liberal,hez92l,"Why is the term ""kung flu"" racist?",2020-06-24,educate personally ridiculous culture calling people correct stuff lease learn
liberal,hh2772,Blackout 4th of July,2020-06-28,lease spread people wear red white blue wear black support black lives matter onald trump country hile fine support country respect wear flag military ut wear half black black people country history dont live
liberal,hh4w9f,Alt right are the definition of the dark side,2020-06-28,angry leads hate hate leads suffering suffering leads death ith society irst angry set people hate leads suffering giving racist comments eventually leads action stand democracy helping words programs
liberal,hh987k,Why don’t cities with gun violence just ban them within city limits?,2020-06-28,safety issue amendment seat left leaning idea cities vote democrat ran vote
liberal,hha1b7,What Do We Do About the 41%?,2020-06-28,ven rump voted ovember country supported arent theyre huge dangerous hat people hould change minds
liberal,hhbotv,Is internet cancel culture toxic?,2020-06-28,bit wrong action person ere time people ago racism feel culture environment people told basically stop ago telling dont change progress past political beliefs reading buying beliefs reading perspective college dont hate hate incredibly buying racist thinking environment people change progress culture toxic
liberal,hi97lk,Looking for a list of all Trump's white supremacist comments,2020-06-30,wondering list time rump shared supported white eople mistake hank
liberal,hianma,What is happening to the history books?,2020-06-30,ve noticed happening child religious family check posts deal due en ashington experience age learned oday ow family call sense noticed clothes called people living city clothes easier swing wasnt basically race riot watch similar nited tates moment attack atino managed hands heard ve people found clothes question history future generations remember past hold looked heres entire hen change absolute direction set hy flag hy kids learn nation racism hy people nation life ere death people life happening educate generations truth history days past ith fault lie past
liberal,hids8g,What are the arguments against being able to opt out of Social Security?,2020-06-30,epublican peace idea money hy government spend people rich dont money dont pay dont hats argument
liberal,hj0mg1,Why do a lot of Conservatives blame college for why younger persons are Liberal?,2020-07-01,ike education school political views education iberal hat yall hats basically es community college school views set college thinking dad guy friends brainwashed community college iberal iberal day learned differences onservatives iberals argument father
liberal,hjgawy,"The EARN IT Act is eradicating our liberty, we need to stop this.",2020-07-02,ct civil rights politicians vote government companies dont follow law government access courts details
liberal,hjx9jp,"Your company/school isn't ""diverse"" if it excludes poor people.",2020-07-02,hese diversity students color avoid students color low hen diversity black merica diversity people poor people positions wealthy parents grew youre educated people color deal background included ot post issue talks
liberal,hjztdy,An incredibly satirical short story I wrote about our glorious leader Donald. In 2016.,2020-07-03,wrote possibly doesnt anymore couldnt entire story link hope day left months free citizen policy massive restrictions based family size health tax heard buying dollar hard mericans country live country agreed merican happen closed words mericans ith simply day hen week hen month ne
liberal,ho9vtu,The Supreme Court Releases Trump's Tax Returns to Investigators,2020-07-10,question upreme ourt prevent resident courts president treated citizen courts ecause rumps tax ew ork courts rump rump
liberal,hoetsq,How to convince the Republicans in your life,2020-07-10,epublicans rump encourage vote iden hat talking information found conversations
liberal,hofjef,Conservatives and Republicans literally make me cry.,2020-07-10,ello text post sick rump literally makes sick brainwashed thinking conservatives brainwashed literally mental time political feel world hate republicans days
liberal,hpg6jg,Discussion on inner city opportunities,2020-07-12,poor city watching day ow education isnt ets discuss ideas ll start ow city set ust idea isnt
liberal,hpyh5q,Liberals need to pay attention to the radical left,2020-07-13,registered emocrat liberal progressive liberalism means truth information merican ideas iberal eft ight encourage liberal pay attention eft merican idea democracy liberalism lot people media leaning conservative media ew ustice popular culture mistake assume mistake assume conservative view terms racism diversity critical race theory popular hite racism racism identity politics website ew gain understand closed brought spread politics conservatives issues free speech considered liberal values
liberal,hpz30x,Patriotism,2020-07-13,hy people protect amendment government crime citizens constitution supporting supporting agenda
liberal,hq9qzs,The parents want answers Ms. Devos!,2020-07-13,child sick job educate kid pay health insurance sick kid real life forced choose job provide child love
liberal,hqji73,Georgia. Ohio. Texas. Democrats Tell Biden to Go Big (He’s Being Cautious).,2020-07-14,oday exas iden rumps swing iden democratic iden campaign send exas lack response economy racial rumps democrats gain huge advantage ouse enate country low rump continue political behavior iden running campaign single vote
liberal,hqnsvv,Is it just me...?,2020-07-14,conservatives hey free speech ut people free speech people dont dont couldnt feel conservative call opinion
liberal,hsc0td,It all comes down to,2020-07-17,ne multiple race multiple people running including ay wins party respect political opinion fight literally people political opinions humans love
liberal,ht3rtv,My Parents conversation today,2020-07-18,conservative mail rump campaign time nyway ox ews sort section talking kids learn online lead children education nyway parents kids school matter ccording kids low ow pandemic ot kids fall education bring people dead hey rant theyre people dont hich amount pay
liberal,htm1fz,How can we protect our mail-in ballots all the way to tabulation?,2020-07-19,trump absentee ballots voting paper ballots addition post office expect attack process ballots simple matter simply votes time honest stuff od convince election covid hat
liberal,htv681,Can someone assist me with a comeback?,2020-07-19,story short laws supporters die topic covid wearing mask hey stated wear mask ny statements respond mask
liberal,htwriq,US Anti-Mask Conservatives are Motivated by Irrational Ignorant Machismo,2020-07-19,hard chance conservatives posted post received top position forced calling words angry true owever fear false response line mask hat kill million death million die seat common sense wear mask wear public fear public hand majority true care ou decide owever supposed political power play judges power masks political act anonymous hich government protesters wearing effort citizen mask power play emocrats epublicans epublicans masks emocrats restrictions ut conservative ignore fight response ince ignore emocrats fight conservative agree emocrats masks fight emocrats stopped strong government citizen taking leads citizens onservatives population issue hich leads science masks protect article post benefits post research paper masks stop lot basic mask goal pandemic argue doesnt kill ts logic ere ll link research paper hands political power play conservatives reason refuse hands
liberal,hubr3f,Interesting Campaign Basis,2020-07-20,mass media people entire campaign based multiple legitimate media majority people listen share idea
liberal,hv3nx0,Is it wrong to cut family out of your life for still supporting Trump at this point?,2020-07-21,wrong cut family life supporting rump ot voting republican option hes dangerous total middle adult parents life helped life owever pretty racist racist behavior ot level racist word black people ow adult black woman grew closed grew thinking deal angry parents supporting dangerous weve past stopped calls months ago friend hes democrat extremely racist parents dont hear hear live
liberal,hwjgz4,I've been having conversations with strangers in VR while quarantined - A veteran's reaction to Trump.,2020-07-24,video perspective similar videos discussions youre talks discussions people world shoot lot people conversation lot time
liberal,hxefgg,Rant: My Parents are Far Right conservatives..,2020-07-25,guys title parents dad mom follow basically news source ox theyre imagine ust father agreed wearing masks ridiculous educate college student told fucking shut dont racism taking recently supposed moving month current situation isnt ve lost job pandemic ve stuck home listen hate guys youve reading
liberal,hxoxxk,Why do youtube comments turn into political discussions?,2020-07-26,watching video fell shit decided read comments people talking days lived people talking liberals hat hell merica explain
liberal,hxvw80,Prevent Plandemic From Being Aired On Local Tv,2020-07-26,prevent local completely video ust stop free local reach people lack access internet lack internet information stance conspiracy theory havent heard set local country shared damn campaign living
liberal,hxzzws,"Its time to call the hard-right-wingers what they truly are, traitors to America.",2020-07-26,hey called simply tax military police eyes due time people start wealth arent coming hey worse talk wasnt rhetoric hey disagree merica happen feel time merica word iberal conservatives stand hey military merican cities simply dont political beliefs people live people simple hey merican constitution hey care merica hey care freedom hey care fellow hey care hey change taking hey force time force
liberal,hy9iwj,Please help me educate my parents,2020-07-27,fter weeks fighting conservative parents dont idea bit hey oes ideas lease
liberal,hy9izl,Millions of Americans Are About to Lose Their Homes. Congress Must Help Them.,2020-07-27,found time republicans benefits refuse budget school hese money dont
liberal,hyh376,Just listen to each other,2020-07-27,heard people argue political stance emocrat epublican ts eft taking rights epublicans corrupt dont care veryone person theyre theyre thinking aybe agree hat happened fall nited stand half country aybe treated average political dont respond listen heres people listen wrong racism guys crazy
liberal,hz2d4t,Looking for sub recommendations,2020-07-28,direction progressive people hate speech feel ve people week stuck people views
liberal,hzduqi,It's National Vote by Mail Day,2020-07-28,ts ote ay million voting vote ote ave merica request ballot rules youve ballot dont forget share ave merica ote
liberal,hzv2a9,"Police are being used to radicalize civilian populations for political points, but something that is being overlooked is that the police are also being radicalized themselves.",2020-07-29,average police feel completely forced situation job force rights protests left feel stay fall line feel police telling police fault liberals countries ut situation solution life line agenda dont understand hurt people ou people fight easier people exact claiming hey country create happening police merica police forced protesters hate hurt hurt protesters eventually hen officers putting deal realize hard feel bad people beliefs feelings mind law running propaganda care police situation agenda
liberal,hzyzkr,What are Bidens major spending plans?,2020-07-29,read lot articles website major hes taxes rich budget bad military spending healthcare ill companies stuff spending jobs companies
liberal,i19f4a,"My dad is a Trump voter who almost exclusively watches Fox New. Today he sent me an article from Fox about how Biden will destroy the country. Please help me come up with a list of Trump's greatest ""hits"" from the last 4 years to send him.",2020-08-01,list news articles calls organizations shit trump republicans news bias news people thinking
liberal,i1b319,"Bear with me here, but I have a bit of a conspiracy theory...",2020-08-01,dont positive virus supposed rump hat told positive stuck talking hand positive
liberal,i1lbmt,So the Senate has taken their recess without reaching a settlement on the COVID relief bill. How long will their recess be?,2020-08-01,house enate title enate ve heard month theyre mericans happen emocrats fault merican people
liberal,i34aik,This page is a joke,2020-08-04,ts page liberalism talk trump ideas es world office people office blame ts funny people
liberal,i35986,I was wondering if you coukd suport us!,2020-08-04,run called liberal merican support bringing mental issues rights speech civil rights rights plan current past world hope voice join join community
liberal,i38cou,Have a little fun with a conservative,2020-08-04,time youre talking rump supporter word conversation ll fine ave
liberal,i38hwo,Kicked out of house by Trump supporting assholes,2020-08-04,parents house huge argument lack asically parents average extremely religious rump supporting epublicans ll friends republicans live conservative isconsin merica efore stance politics ts hard decide political stance life ve pushed family entire community ut grew educated world started view beliefs president iberal ts funny calling word called iberal short fear family friends eorge loyd died merica decided stop protests friends honestly home fighting couple days passed shit hit fan family party protest told anger parents friends left party coming parents home discussion ut bullshit calling protesters hese friends parents nyway hold brought od ve sexual feelings life friends gay true fear people parents basically told parents person family news dont respect rules religion life leave house support live friends require completely dad car friends past months time dad amount money pay phone clothes clothes house pay word spread town looked family city friends stopped talking people awful decided leave start life town wasnt racist bought time low sitting free phone plan completely broke talk online ut stop change world parents stupid liberals power ecause iberals people time bullshit lives hate yall havent people talk recently support started link message hate tough times call tough hanks yall giving day hear story change world
liberal,i4ksaf,Question: what will happen when former President/private citizen Trump decides to spill country secrets to Russia or China when he leaves office?,2020-08-06,surprised brought stop rump utin leaves office easily government resident threat national prevent country
liberal,i53mhl,How to bridge the economic left with the religious right,2020-08-07,ust political feedback white identity politics economic wealth inequality nited tates listen ow inequality white identity politics sort create liberal left social issues divided rights topics owever inequality issue movement possibly approach liberal perspective extremely understanding ew poor huge hristian hristian hard white identity politics rump administration epublican polling data support issues tend lower religious voters social issues epublican arty rightwing media attacks religious freedom social ut strong position religion lives mericans eventually reach benefit economic left policies wealth inequality sort social issue politics liberal economic policies address wealth inequality lack economic lack economic safety religious
liberal,i5lz0j,What does economic success mean to you?,2020-08-08,title economic country head emocrats dont economic emocrat stock market time ot rump stupid shit merican bama continued time stock market grew bama statements bama dollar cut half rump basically liberals care hat economic
liberal,i62jna,I'm a Conservative living in a hyper-Liberal city -- can you help me understand liberal thinking?,2020-08-09,conservative living iberal cities country politics friends political views discussion hear hear reach issues hese conversations ne iberal friends makes talks money car deal city life programs hy oes realize taxes extremely completely basic theory opinion taxes taxes means money peoples including hy wouldnt people money life iberal people understand logic doesnt sense forward
liberal,i66nma,*Urgent* Jess Scarane for US Senate GOTV Phonebanking Shifts *Today and Tomorrow*!,2020-08-09,progressive ew running campaign ballots voter voters received ballots tomorrow hit attend script youve vent lack
liberal,i6g3gw,I had an epiphany about the symbolism of Obama's election,2020-08-09,close friend black society bamas election hat reason adult citizen government history prevent people positions power ecause people dont lack office ongress upreme ourt lack folks hold position power white hold power white held positions nation world lack resident society legitimate hold people stand tend power rules respect power hold lack people lack resident bamas election run presidency mistake lack folks rump hope change hen rump elected opinions policies elected true ecause bamas election people lack folks shit calling cops minds bamas election lack folks equal society merica minds government lack resident people position power happen change lot sad people
liberal,i749e6,"The media lied, and people died.",2020-08-10,doesnt stop fighting racism ut stopped fighting died lie ts media handle video honest theyre people left effect election video heres matter times deleted ont happen iberals honest rump sick hearing watch share
liberal,i79qqo,Liberals: How can younger generations work to repair/prevent the divisiveness of our elders?,2020-08-11,ello iberals political opinions heal political ideas ith positive feedback post message subs provide links gain people age post liberals heres question hat values ideas concerns bring political havent considered hat voters avoid political generations hat common values concerns share hat policies happy policy hat values policies issues change mind hat systems generations avoid discussion generations ow engage people ideology hat topics major political ow major political secure future nited arent choose hoping discussion respond hoping
liberal,i7bdqn,Last night in Chicago had NOTHING to do with BLM,2020-08-11,looting absolutely day social media city people black community support
liberal,i7hwwi,Trump vs Biden,2020-08-11,rump ally conversation candidates agree topics iden times rump times rump list link post times iden continue conversation law
liberal,i7j8lw,Website that tells you the bias of a source,2020-08-11,idea post comment section link website bias news source called truth results oes post
liberal,i833jn,"For the love of god, pay attention to and vote in your City, County, and State elections too",2020-08-12,lot people people lot race theyve people running government lot power start power start conversation lot easier mind major conversations country education fair police city ederal funding racial justice education dont shit city government spend spend single person party start winning elections support ts road national party candidate victory road local country ote ballot
liberal,i8devg,Political Analysis needs to include Donors names or its just pop culture.,2020-08-12,nited economics terms power republican politicians continue talking politicians ne hes election managed children racist asically hes textbook ou corrupt based es millions rump makes running rump personally helped million children bought violent rightwing helped kids violent helping guns
liberal,i8frzl,An open letter to those who may vote 3rd party......,2020-08-13,emocrats iberals ernie moment type heart election amala arris oe idens running hile positive news people people vote party candidate feel complete vote front fan oe iden nominee honestly list team ernie oe iden ernie strong election left emocratic party feel strongly decision fter arris people start vote arty candidate progressive views understand respect merica shame voting vote isnt oe iden mind wins election upreme ourt insburg tough shes live onald rump wins reelection seat conservative ts rump seats ourt conservative majority ny hope voting rights lost addition gay oe ade civil rights rump connell arent rumps wait progressive candidate win matter upreme ourt merica wrong country seats upreme ourt future road liberals arent iden guess read reading voting party
liberal,i8g9vx,Being the only liberal in a conservative workplace,2020-08-13,absolute veryone trump supporters hats ox ews time ve walk office change started history dont happen veryone support trump middle class white ideology thinking ll agree tend stay coworkers talking country poor people covid democrat conspiracy trump negative fake news acebook literally question heres issues ve text hank rant vent liberals conservative feel
liberal,ia2d31,Looters and Rioters are disenfranchised and disconnected section of the population. Yelling at them to stop won't do a damn thing,2020-08-15,home safe community hey arent hey society hey community school system hey forced situation hey dont proper education situation school ince dont access education jobs stuck low jobs hy dont companies based programs accept based race gender ou fuck job hey bad guy hen guy home safety police home isnt minority country entire generation student healthcare awful million job hile argue citizens week eye ou care
liberal,ia43lq,How can the George Floyd protesters justify their actions in the middle of a global pandemic?,2020-08-15,death person directly death hundreds people covid times worse police officers theyre ow justify ow live attend theyve ould considered
liberal,ibto33,"Ex trump supporter here, AMA",2020-08-18,dont post communities months ago realize trump country recent post office finally vote blue reason voted rump owever realized rhetoric blame reason civil happy finally voting
liberal,icap5n,Advice for handling my conservative mom?,2020-08-19,love mom death shes epublican votes line party rump person vote hes epublican candidate politics family system feels war care racial justice gender equality wealth ts taxes anymore voting rump swing shes told political beliefs lot honestly vote wasnt rump vote party fight mom isnt bad person head bring politics recently shes pretty change views conversation conservative talk
liberal,icfdpd,Has Anyone Experienced Invisible Anti-Biden Ads on Youtube (Chrome Desktop),2020-08-19,proper hear ads background owever videos ve source ads videos hey play play sound iden rumps campaign system play
liberal,iclwce,Advice on dating when you're a liberal,2020-08-19,liberal ut fear conservative ideology crazy thinking experience conservative people political differences
liberal,id9a7b,Sensible Gun Control?,2020-08-20,opinions liberals registered emocrat voted democratic candidates support hate conservatives dont guns require kill people holding parents accountable child access firearm hate liberals guns tend gun car time liberal friends liberal friends guns conservative friends gun control
liberal,idg31o,I wish I had a screenshot of this right-wing snowflake I was FB friends with before he blocked me. But here's the story.,2020-08-21,ne reasons left hey iberals examples video guy friends wrote post oe merica bama office wrote neutral comment merica merica times political sense call ernie supporter absolutely told supported supported told atino conservative position hold told couldnt hold positions stop putting words comment situation common ground post post comment hat bit ven comment call rump
liberal,idz3cy,The Trump campaign has no agenda.,2020-08-22,couple days ago comment war ow iden doesnt agenda easy idens campaign website wondering shit ere massive dont pandemic rump actively energy rump rump agenda message literally office dont youre rump supporter
liberal,ieph1b,Rant,2020-08-23,hate people bad talk politics rump horrible president country lies ovid government run makes lies people takes list reasons owever hate people bad talk hat trump hate bad talk ernie bama
liberal,igbdek,"When Nikki Haley was 8, she was disqualified from a kids’ beauty pageant in South Carolina because she was brown. Kind of ironic that yesterday during the RNC she said “America is not a racist country. This is personal for me.......""",2020-08-25,moment outcome hen told judges white merican merican called stage white black middle judges efore stage
liberal,ihb90y,How do you guys think protests will affect presidential race?,2020-08-27,national level doubt mind rumps response hurt polls swing matter iden effect movement move idens direction iden lot hurt iden lot isconsin white people dont realize racial hurt lorida dont shot hat guys
liberal,ihxcsx,Protest Sign Help,2020-08-28,hat size size sign create dont size rump signs isconsin voice heard equal sign
liberal,ihxwl4,I'm Looking for Guests for an Upcoming Podcast Show on YouTube,2020-08-28,title guests guests guests discussion goal guests convince audience theyre comments ll provide link video
liberal,ii9s47,A plea to arm yourselves,2020-08-29,registered firearm adult life democrat recently progressive life lease time learned firearm laws call violence reality comment conservative media shot people left line dangerous comments people afraid fear shot hey feel left easy hats tough time change logic bad guy gun guy gun rom bad guy gun guy gun dont amendment rights safe
liberal,iiaf2h,What we really want,2020-08-29,ust leaning family friends left leaning voting police departments hate police dont lie racism police brutality abuse power held dont lie racism hey dont lie chance people coming children arent parents ut proper hey guns dont lie gun control prevent mass hey war hristian values dont lie people hey free dont lie hard healthcare education hey war dont lie people sexual love matter love hey destroy history dont lie past happen rights dont lie choose science wear masks prevent spread hey support dont lie support protests hey hate merica dont lie top top arguments top fake news top news ur position logic top top ust equality doesnt
liberal,iisxhn,Why is there still such a stigma against trump?,2020-08-29,fter policies feel left ve found ith understanding election changed ideas
liberal,ik54hl,"Is there somewhere to expose people calling for ""shoot on site"" type behavior in response to protests?",2020-09-01,ts sad time hese people actively calling response looting ts people people human rights ts mind ust people call looting car list death process reason response shoot site dont
liberal,ik6m5x,Is there anyone here that is liberal or left leaning in a conservative family?,2020-09-01,past half progressive views grew house republican conservative family party moderate voting republican agree agree personally dont extremism college dont views attend hard family family mom dad mom leaning moderate issue family oth family extreme conservative hey rural culture lot type people post social media ve stuff police brutality racism police focused hristian progressive family ts hard family posts dont hats future relationship hey convince vote rump makes sick thinking ve pretty conservative culture response created videos family ts views dont effect relationship hat left leaning hard democrat pro pro pro gun control ut forget pro life pro rights issues
liberal,ilj0ju,Rampant Trolling,2020-09-03,noticed acebook ts call people hell news post real ow handle guys thread post wrote comment rump economy conservatives couple guys real conspiracy theory type stuff checked accounts real hat sound share
liberal,ilko51,I just found out my mother is voting for Trump and now I'm profoundly sad,2020-09-03,dont vent mind conservative lot issues voted rump covid takes job due virus nyway conversation text told voting rump ovember surprised chance conservative party ut feel sad lot reasons happening country world vote person dont
liberal,ilztl5,Religion and Politics,2020-09-04,months ago rump campaign stop iberals lost minds oday iden forward standard dont campaign stop absolutely wrong
liberal,im48mk,Bigotry disguised as patriotism is the most egregious form of cowardice.,2020-09-04,mind conversation hey wing school students stand hey called heard protest social country current forward thinking students rural takes rump gun merican flag people merican rights refuse opinions rights wouldnt sitting ve
liberal,im58e2,"We need to to start calling out anyone who isn't supporting Biden that claim to be on the left! He's going to be a great president, he's not the booby prize!",2020-09-04,left funny iden top chance hard guy hes president hes public people merica id hell hes human hes learned doubt liberal values policies benefit mericans es public people country people bamas progressive es bringing experience white house es person oe oes oes person run country run country oes love family hell free accounts dont world relationship rest world isnt iden person merica rest world top top vote rump guess ll vote iden ont vote candidate home dont hear call ont liberals option elected office country ote iden hell president hell merica lives vote iden
liberal,imfpx8,"People on the right throw around the term ""leftist"" but do people on the left use it?",2020-09-04,pretty simple question hear leftist lot conservative hear people left people leftist pushed people
liberal,imm4xt,Am I losing my mind or are we living in a simulation? Wtf is going?,2020-09-05,eorge loyd happened innesota illary won happened isconsin rump won protest public rump won happen rump won guess polls shit weeks
liberal,in5rrq,Bombshell Movie —&gt; rant,2020-09-06,watching people support ox rump theyve makes ve change merica guess dont question rant
liberal,inrsbw,Get out the Vote Media Push,2020-09-07,vote organizations media ve neutral media organizations people vote ovember media push advance election dont remember elections ve times ome obvious base ads ut ews neutral curious
liberal,io80ye,Im a conservative ask me anything,2020-09-07,epublican proper country proper discussion respond questions dont dont hope bring understanding
liberal,ioezua,Question about “child drag shows”,2020-09-08,post child arent hat wondering dont watch reality curious share popular political
liberal,ioinna,How to express my opinions appropriately,2020-09-08,question hate comments stand live pretty coworkers conservative community lot talking stay neutral political talk job question links signs statements dont straight iden sign putting black lives matter sign talk live love peace equality future country
liberal,ioj5hq,Being a good White ally while condemning extremists,2020-09-08,irst hite ally support push police equality amount money helping ut support recent looting attacks hite conservative thread ow ve told liberal friends accept shut ally told accept house social justice lot crazy check anger time extremism
liberal,ipvpkp,I cannot take it anymore,2020-09-10,completely subs havent time posts talk mental putting doesnt agree mental health
liberal,ipvs70,"Hey you. Yes, you. Congressperson.",2020-09-10,easy hey fucking ass ook fucking constitution fell ake information read fucking real fucking ake eye hat hen roll hen oath office ass tomorrow feel fucking human rights past fucking merica
liberal,iqhd9k,A question,2020-09-11,independent ome left thinking liberals conservatives subreddit left discuss issues eye finding common ground respect start common ground couldnt
liberal,iqkanr,Advice needed,2020-09-11,live red red em ecause coworkers telling candidate personally support coworkers conservative epublicans support candidate details heard coworkers coworkers hey campaign job brought concerns campaign justify means win disagree true talk candidate tomorrow walk em em lower em candidate vote office hould
liberal,iryd03,Jake Tapper just destroyed,2020-09-13,president virus times worse weeks ake wouldnt question hen change population ood ake
liberal,ismg5z,Best Political Books,2020-09-15,ve list books books list top list ind est ne ote ay ome eorge hat ou hould ut ont ood merican ew
liberal,isp97h,Biden Campaign's Latin Outreach and Reddit,2020-09-15,posted idens lack atino community iden campaign iden atino including iden atino atino iden campaign post removed iden em iden iden campaign post iden emocrat type honest questions arent hat reach arty hat bringing community emocratic posts feeling
liberal,it0djy,Donald Trump's Republican Party is a Facist Party,2020-09-15,ccording hey hold accountable cops job tough oe iden guys held accountable hese rump republicans
liberal,it13ao,We Lick the Boot of the Heel Upon Our Head,2020-09-15,en died secure life fight wealthy od basic day forget life youre youre systems youve love ignore people voice heard fear nation democracy word word means stupid race dont truth stand vote systems follow politics kill people support step lie dead hold dont simply ust send family die system ts time free tomorrow dream democracy set merica free died women life live free shit vote rights fight doesnt free choices vote ake chance reality plan doesnt life lost means fight ou dont od science stupid fucking merica ote candidate isnt media candidate free society candidate people system free paper emocrats epublicans time chance dont fight youre people youre nation differences definition
liberal,it2v4c,Just need to vent,2020-09-15,pretty grew dont live anymore frankly people life people ll frankly sad rump administration ox ews pushed peoples logic ne basically basically majority bad people deal black black people person color agree eorge happy police force hey eorge loyd funding completely corrupt remind hese people coming attack protect gain people helped frankly pretty easy life sad
liberal,itjqhw,Blaming the Police is Idiotic,2020-09-16,efore liberal hear police crime tax police crime professor student short law doesnt matter watching broke law ust crime isnt doesnt dont laws mind
liberal,itmdo6,How does Trump think he will win?,2020-09-16,explain ith current rump win read lorida red fine lso read red rump win
liberal,itpnyx,No form of government could ever succeed unless ALL of the citizens support it and work in harmony with it.,2020-09-16,thinking asically main government successful support citizens run successful successful single citizen support personally government supporting solution crime world peace owever future successful support citizens hat view people feel country minded youre left bringing od info realize personal audience od belief set finally ut main dont telling move
liberal,iu0ti2,I think the Democrats should force Joe Biden essentially to drop out,2020-09-17,guy debate stage feel bad guy legitimate issues amala candidate polls worried rump win
liberal,iv9skz,"Congratulations to MN, VA, SD and WY! Starting today you get to vote out Trump!",2020-09-19,join voting dangerous resident history ake mistake election lives voting citizens ballots ballot received request absentee ballot ballots election live plan vote restrictions voting share details voting ost strongly inperson voting election due pandemic local inperson voting ballot choose vote inperson check voter registration polling voting request require vote registration voter registration ct dont wait havent time register friends family registered experience prevent voting matter federal law ballot reason vote ake youre polling ballot wrong polling vote
liberal,ivhnv0,RBG has passed away. The Trump administration now has an opportunity to take 3 seats.,2020-09-19,single vote ovember oe ade pro rights die remember epublicans seat absolutely ote love friends fight
liberal,ivni08,"With the death of Ruth Bader Ginsburg, I just wanted to remind the liberal purists who refused to vote for Hillary Clinton what total scumbags you are",2020-09-19,worse directly voted onald rump people rump administration ou illary bad rump party system million stupid reasons wasnt lies decades time white guy insburg rules social progress remember illary refuse vote voting party voting vote freedom social ts people voted illary blame hate rump elected bad presidency
liberal,ivsytf,What is some evidence against Trump being great for America to argue against hard Conservatives?,2020-09-19,post parents conservative dont convince dont political argue info coming stupid middle class economy
liberal,iw278v,The AvengeHer Plan,2020-09-20,irst lower circuit courts judges population circuit judge million people circuit judge million judge million people circuit circuit judges courts account population hat means court judges spread circuit courts ederal courts brought judges means court judges bring population courts upreme ourt judge account circuit court oday upreme ourt ustice circuit court cover cover multiple courts court upreme ourt justice circuit court hat means upreme ourt law upreme ourt account circuit equal circuit courts upreme ourt size circuit courts ts plan based equality lso itch connell
liberal,iw7f2r,"To all those who are ready to just ""give up"".....",2020-09-20,wrote response comment thread frankly people read remind lot epublican fighting political support justice nominee senate presidency emocrats moderate independent voters sick political eople connell lot people bad political supporting conservative judge base shot winning epublicans move ourt oe iden upreme ourt lower courts emocrats type behavior love od damn party set shit completely type reason emocrats death insburg isnt shot emocratic support iden hite ouse hope overturn oe ade gay voting rights feeling people fight straight white college educated healthcare home mericans lives people ll ass people roll die dont fight future country hoping generation love od
liberal,iwl09c,What tough questions would you ask Donald Trump if you were moderating a debate?,2020-09-21,hat tough questions onald rump debate heres debates guess debate ctober ctober ctober dont rump debate based ve read iden stated debate stage minutes debate age ashington oday minutes debate political minutes ts town debate ews hite ouse oday minutes
liberal,iwpnba,Genuine question from a conservative.,2020-09-21,start wondering answer question idens campaign rom base dont agree rump victory huge conservatives stand rump win gun policies single issue voters dont vote wondering
liberal,iwsak5,I’m an independent wanting to know if you guys support the TikTok liberals.,2020-09-21,dont people completely views argument hey hese liberals push time liberals
liberal,ix3rz9,Moderate politics needs to be cool again.,2020-09-22,media social media focus comments makes people bad lead country heal moderate politics top media play heart
liberal,ixwzp3,2020 is a tight race which could go Dem way,2020-09-23,enate seats huge lead seat seat seat close race pretty close possibly ight feel safe home swing oth senate race rump advantage iden eorgia close major swing ebraska watch
liberal,iydzz4,Trump quote on supreme court nominee in 2016,2020-09-24,found article talking rumps ood merica bama choose court nominee video
liberal,iyk9up,Vote for the Greater Good: Youth Voter Registration Campaign Opportunities,2020-09-24,share information ote ood voter registration campaign run ood people vote registered issues nation polls mail ballot voting holding voter registration office hours organizations policy weeks ay voting love people iberal subreddit link voter feel free reach questions shoot message
liberal,iyp1h2,Election Could Change Campaign Strategies Moving Forward,2020-09-24,ll campaigns winning candidate iden wins change moving forward rumps team door door team iden ground safety rumps reasons campaign ran future campaigns love hich guys lot pandemic
liberal,izmrm8,Genuine question from conservative,2020-09-26,start arguments question rump wins ovember takes popular vote affect election rom perspective dont social worse win ill won election
liberal,izvjx5,Why is racism not an “opinion?”,2020-09-26,attack bad bad youre racist friends dont understand argument doesnt opinion opinion es gay wrong opinion youre opinion true ot opinions opinions hold youre terrible person doesnt theyre opinions understand
liberal,izweu0,The Left needs to take a page from conservatives &amp; start fighting dirty!,2020-09-26,left start policies power democracy hey courts conservatives upreme ourt hard left hey national elections ake voting rights people country federal police funding force tax gun tax education wing ashington
liberal,j0etro,Justice Amy Coney Barrett is Justice Scalia. I can’t find a difference.,2020-09-27,video lot ustice upreme ourt learn lot ideology text video posted ay insburg ts ustice seat friend friends ustice insburg
liberal,j0ujyn,Anybody else feel like they radicalized on fast forward the past few months?,2020-09-28,shit past shit past months shit country conservatives based democratic kill safe means military theyre actively people current political violence conservative social media reality ovember protect ts hats guess feels head
liberal,j10g07,I’ve always considered myself a liberal,2020-09-28,ve considered liberal conservative ideas pretty minded dont trump dont hes bad job past people complaining stuff dont agree extreme liberals supposed minded conservatives trump supporters supporting president country extremism moderate people voting trump
liberal,j2bjfk,"""The dogma speaks loudly through you""",2020-09-30,words religious faith millions mericans live values merica allowed woman post eft literally stop religious war taking hold merica
liberal,j2evgv,Presidential Debate,2020-09-30,start discussion debate media false rumps behavior surprised coming rump comment epublican iden supporter stuck won debate job sitting resident running reelection convince nation ll rump create correct rump people vote es polls fall
liberal,j2glmk,An important piece of information,2020-09-30,stand debate call call white ut stand society values merica country ut stand democracy values country love love love merica ets secure democracy ote lives
liberal,j2hu14,We're doomed,2020-09-30,debate hard watch rump lies talk change iden dont blame iden calling debate literally talking honest argue rump helping rich judges epublicans base hats claiming planned real worried abortion federal laws government educate access healthcare epublicans lack white ts eye values hey lack basic understanding economics market economy makes record dont hey held accountable tax standard government party economics rump fuck republicans literally country healthcare economy merican citizens future education literally ot change guess matter dead ut ll iden rump government handle country cut military budget social option country free hit change words
liberal,j2z6o4,How do you feel about black people in fantasy Europe?,2020-10-01,hear people reason feel black people ince white diversity feel
liberal,j32omc,My question,2020-10-01,hristian story short republican ut recently class religion ne countries violent wrong wrong dont allowed happen asically people told religion dont told belief liberal support dont political happening theyre allowed shit dont wrong fuck political
liberal,j4p2mn,Strategy Moving Forward,2020-10-04,comment thread talking attack ads iden campaign decision listen moving forward results expect expect polling data idens expect epublicans negative continue hould rump iden team answer questions curious
liberal,j4q76o,Anyone Associated with Lincoln Project,2020-10-04,incoln roject ads run ow agree incoln roject plan action ut iden negative attacks ut incoln roject ost voters dont pay attention ads assume ads iden ome dont massive dont change polls attack ads message page iden team polls
liberal,j56z2o,Civil discussions only!,2020-10-05,ello rump supporter discussion topic hope middle ground topic decided choose countries nited tates start peace curious hear countries havent benefits country gain civil discussions topic
liberal,j59aea,We need to take back the flag.,2020-10-05,ve leftist liberals flag merica lived created equal view flag fighting human rights country flag idea epublican arty party merica political isnt republican stop flag sign start flag merica human rights
liberal,j5d1fb,"People From North Carolina, how is Cal Cunningham chances looking like after the sexting scandal?",2020-10-05,position polls dont view em strong hold alifornia ew ork love family feel ith lead dont oes positive ovid wearing mask
liberal,j5nbi1,25% chance for Biden to get COVID19 before the election,2020-10-06,rom ve read past tend realize ll bring market iden virus ow close truth line
liberal,j664wv,Does anyone else hate conservatives just a little bit more each time they interact with them?,2020-10-07,conservative beliefs fall frankly beliefs shit internet conservatives makes hate bit media brainwashed conservatives fine job hey blame talk liberal propaganda truth reason liberals dont theyre horrible theyre feel hate conservatives bit
liberal,j7f4e2,"The polls are not destiny. If you don't vote, Trump wins, end of story. VOTE.",2020-10-09,multiple news idens lead rump lost lead reality people personally human sitting computer reading words vote rump win polls epublicans vote ven lose havent issues candidates vote time country fellow mericans
liberal,j7pwep,What's the difference between liberalism in New England and West Coast? What's the future like for CA?,2020-10-09,wing alifornia disagree completely live move future house ut rich stay abuse issues lived months people ay fine dont city ut dont care accept ew lorida crazy ts months havent single wear shirt day owever feel ew fine people ight wing cities run liberals agree moment successful liberal cities ew legal abortion rights people educated educated city alifornia exas fine run conservatives conservative liberal ut conservative exas ut liberal ew wrong alifornia es businesses people people coming hat alifornia learn ew future alifornia called economy hat rich leave strongly alifornia people mental violent hard lives
liberal,j817at,"Attention New York, North Carolina, Oklahoma &amp; Idaho - This is your last day to register to vote",2020-10-10,ew ork day register ou register person election day lso est irginia innesota ew irginia ashington isconsin days left ont wait
liberal,j8gae4,What will happen to the Populist right wing movements after Trump's departure?,2020-10-10,movement rump loses weeks leaves happen rightwing movement riot rump loses eventually wear ill rightwing ill rump guys rump affect post rump hen public trust lost rump presidency affect emocrats ill benefit trump
liberal,j8y2ib,How I understood Trump better through a dream,2020-10-11,oday dream president nominee half day debate supposed rump dream guy guy world people giving debates minutes left debate realize remember win debate rump personal attacks decide chance win script politics dont average educated oe change economics hell dont ut rump personal win straight dream debate realized rump time es textbook dont personal attacks rump supporters realize mental health anger wearing mask issues hey reason rump talking literally head couldnt possibly win proper debate dream talks defense proper subreddit post
liberal,j9860r,We can't care about conservatives' feelings: They will scream no matter what we do,2020-10-12,ust rant talking conservatives hey matter matter horrible stuff claiming government
liberal,j9gxbv,Long time conservative and Republican. I mailed in my vote for Biden today.,2020-10-12,deal ve literally friends lose jobs businesses epublicans onservatives ow stimulus talks ve hurt past vote
liberal,j9lrsd,My opinion,2020-10-12,run checking team information candidate people candidates time ll debates held fine hours check time debates
liberal,j9qg37,Political systems described by papers in a box,2020-10-12,learned story school share political systems due class student professor students focus ally wealthy illy middle class obby professor faith students hand hand ally hands binder rest illy simply staples obby staples binder professor box papers doesnt box top view box papers half box ally students start binder illy obby half paper professor faith students hand size staples front page details ll ally illy obby hand similar paper ll professor doesnt care content care content papers looked family poor read noticed veryone feels matter set professor faith students papers easier issues papers paper staples rest ally happy binder professor front page eye cover binder illy staples hands obby professor students box box size paper binder paper box closed box looked box size hold papers papers lost ally received top effort obvious illy obby obby
liberal,j9ydr2,Why is Trump not held to account for his nepotism?,2020-10-13,politics rump holding office brought issue feel media emocratic rump day ow party justify doesnt conservatives justify holding positions
liberal,ja3zx8,Looking for some good books,2020-10-13,liberal majority books ve economics books finding arent finding ll ets taxes free books economic arguments wealth ust learn religious background ve found books religion ve found rest merica absolutely fucking talking politics conversation books talk political communities ould love political religious hanks
liberal,jaci7g,"Attention West Virginia, Maryland, Minnesota, Kansas, Oregon, New Jersey, Virginia, &amp; Washington D.C. - This is your last day to register to vote!",2020-10-13,est irginia innesota ew irginia ashington day register innesota ashington day registration ut wait takes isconsin day tomorrow day left information comment correct
liberal,jai1km,Obsessed with abortion,2020-10-14,posts day acebook abortion horrible happen women posts ome deleted acebook approach life
liberal,jb33sa,I cannot remain friends with people who support herd immunity,2020-10-15,hearing conservatives friends political accept people life people die freedom simply isnt bad hat ve people past months eye realize
liberal,jb60wq,How do we move humanity forward without conservatives?,2020-10-15,wins ovember honest iden havent learned conservative majority upreme ourt overturn oe ade spend generation continue abuse tax system republicans couple decades pretty moving
liberal,jbctis,Are you okay with Twitter blocking links to important news stories because they make the Bidens look bad?,2020-10-15,link send message rump evidence allowed spread page bias election dont witter closed ow questions talking town audience rump hes guy
liberal,jbdefk,Has the NYPost become a conservative propaganda outlet? Was it ever a reputable source?,2020-10-15,ost legitimate news source fter coming recent articles shared conservative subs iden ridiculous claims evidence source recent article claims computer left iden sexual videos computer idens home computer video act woman republicans buying legitimate news sources push propaganda
liberal,jbfj6w,My organization turned Biden’s policies into an easily searchable and sharable website! Looking for feedback!,2020-10-15,read oe idens policies easily conversation policy reason theyre voting blue share hope policy people share vote love check feedback
liberal,jbfjyf,Striking back against fake ballot boxes,2020-10-15,conservative accounts fake ballot republican votes hey post office ballots mail ur ballot mail mail box box week
liberal,jbgwr8,How to rebuttal a white man in a Jesus shirt?,2020-10-15,lease allowed day passed white wearing shirt time passed listen white living rural community wearing black lives matter planned black race hy doesnt address angry engage discussion wearing shirt listen couldnt anymore bit shirt hate eventually home argument planned care racism lead women color advance
liberal,jbz6ap,October 15 Unbiased News Summary,2020-10-16,ere main national politics day short rump iden hold town debate resident rump debate decided due concerns ovid rump iden town ome town time voters hey argue voters watch town democracy elosi continue talk stimulus elosi ouse continued move close stimulus rump claiming putting elosi democrats continue ote set ctober set vote upreme ourt ctober fter vote process move enate vote set hanks
liberal,jce5n8,Friend said he wasn't voting. Now I'm reaching out to every &amp; all contacts to ask about voting plans. Anyone want to join/help? ￼,2020-10-17,hearing friend voting politics hen realized past days acebook mail possibly people plan site voting friends directly friends voting ut join send
liberal,jcnnzu,Thoughts on Arkansas Senate candidate Ricky Harrington Jr.,2020-10-17,enate nominee left leaning voters owever watching debate beliefs opinions current progressive social programs strong programs justice system mass debate defense budget cut spending police people
liberal,jcor6m,"Fell on hard times in recent years; trying to reconcile why my liberal friends fell by the wayside, while conservatives stepped in to help. Anyone else ever experience this?",2020-10-17,understand ve ve past single mom ago law school couple managed started school hen ill weve health past ve past ve surprised friends liberal liberal pretty sick friends lives weve people step theyve conservative ow easily values liberal friends discuss funding social programs helped run hand conservatives law school policy cut social programs living noticed happen lives ould due religion ost liberal friends considered conservatives hristian based religion law people hoping human rights fellow liberal friends love ut pretty
liberal,jetb5r,Why am I seeing commercials for confirming Amy Coney Barrett?,2020-10-21,deal votes party understand conservatives conservative running ads push ads judge oes matter public opinion
liberal,jff7fs,"After Donald Trump, what happens to the GOP?",2020-10-22,weve rump power courts liberal rump happen eventually leave office imagine majority epublicans happen leaves office hey focused started thinking weeks reasons epublicans supporting iden epublican iden epublican incoln roject hard rump eople personally voted rump refuse time itch connell reelection rump toxic close reelection es rump toxic ut left rump elected epublicans emocrats liberal ome reasons amendment rights abortion type feeling easy feel epublicans supporting iden ou wing rump supporters ou single issue voting rump supporters ou epublicans refuse vote dont rump vote iden ne argue emocratic arty massive support emocratic arty feels time feels feel feels question epublican rump supporter ind plan post incoln roject epublicans hat happen rump ill line hope honestly common ground continue country read article officials rump administration started jobs people shared job rump administration isnt continue conspiracy extremism ot people administration eventually epublicans coming dont deal people start rump administration fear rump incredibly hard fight road based extremism wouldnt rump politicians start administration iden time move ill voting single epublican move happen red en rump isnt afraid wouldnt surprised ews views aybe love hear
liberal,jg2qot,"Voter registration deadline for Arizona, Nebraska, and Utah is tomorrow, October 23!",2020-10-23,vote voter status ballot online registration closed tomorrow day register person ind local polling vote voter status ballot register inperson election day recommend signing info found
liberal,jg3tyn,"Voter registration deadline for Nebraska and Utah is tomorrow, October 23!",2020-10-23,online registration closed tomorrow day register person ind local polling vote voter status ballot register inperson election day recommend signing info found
liberal,jg90y3,How can I sway a voter who is on the fence about voting Trump out?,2020-10-23,people life leaning trump conversation voting iden information conversations honestly dont info articles people life ts people close arent completely actions rhetoric links terrible support trump continue presidency
liberal,jg9ub2,"PSA: When submitting your mail-in ballot, make sure your signature matches your state ID or what was used at registration. This frequently causes ballots to get rejected.",2020-10-23,couple weeks vote check status ballot doesnt link list ome alifornia vote person youve ballot option check local voters current
liberal,jglzew,Political Question,2020-10-23,iden wins emocrats win enate ouse couldnt rump reasons removed office doesnt couldnt sexual found
liberal,jhkii3,The quick and easy path (explained),2020-10-25,lives merican public political stage watching people top control change change issue hat issue merican public merican public supposed control choices deal issues choices fell average voter merica watch political stage person power position media huge fix read watch ll news ust attention majority audience media political party abuse terms voters stop fear public force heart election vote ot
liberal,jhw8ed,"Voter registration deadline for Colorado, Montana, and Washington is tomorrow, Oct. 26!",2020-10-26,vote voter status ballot register inperson election recommend playing safe signing havent vote check voter status ballot vote check voter status track ballot register inperson ashington election recommend playing safe signing havent info found
liberal,jhwdq2,"Online voter registration deadline for Colorado, Montana, and Washington is tomorrow, Oct. 26!",2020-10-26,vote voter status ballot register inperson election recommend playing safe signing havent vote check voter status register inperson election day included link recommend playing safe signing havent ballot vote check voter status track ballot register inperson ashington election recommend playing safe signing havent info found
liberal,jj5cuo,Call to action: Urge your senators to pass the John Lewis Voting Rights Act of 2020,2020-10-28,ct including federal local government people vote voting race ost vote race color history laws policies advance ustice ourt voting change time election held ederal change vote account race minority upreme ourt decision ourt upreme ourt decide upreme ourt decision ongress ake ashington apitol phone details address included wait ake action
liberal,jj5eml,Judges on ballot!,2020-10-28,checking ballot ballot noticed judges checked democrat site checked republican site judges agree agenda realize ignore section research judges vote
liberal,jjtm5q,Election Probabilities Based on Logistic Regression,2020-10-29,subreddit result data election polling lso extremely listen decided elections idea oe amala chance winning results data past elections recent polling data bit safe party ll leaning candidates alifornia ew ork ew ashington total lectoral irginia ew total lectoral innesota isconsin ew ebraska total lectoral blue correct lectoral exas total lectoral est irginia ebraska ebraska ebraska total lectoral red planned leaves lorida eorgia total lectoral leaning candidate win ven leaning red rump doesnt win arent leaning candidate iden wins win wins wins lorida wins hile understand leaves rump chance victory hope guys mental love answer questions data
liberal,jjyztk,Help keep my state less Covid-y (RSVP to Trump rally...then don't go),2020-10-29,rumps holding rally innesota week ovid arent total ovid ovid political rally lead lot lower rally ou register free phone rump campaign site article ou respond text advance dont
liberal,jk4y7h,I’m going to try to host a debate with some of the Trump fans on the donald_trump sub. If it ends up happening would anyone have interest in listening?,2020-10-29,stated title hese talking engage debate wing conspiracy theory evidence wrong ll provide info thread debate engage
liberal,jkz8uc,You can make calls this weekend to turn out the vote,2020-10-31,idens campaign reach voters swing rump call campaign takes set call voters ts easy
liberal,jlbc9g,"I’m so sick and tired of Republicans playing all the dirty tricks...So, what if:",2020-10-31,ll folks ballots swing line polls create epublican common emocratic polling theyve power wait line vote idea happen effect dont yall time low lower
liberal,jm6nbx,Liberals who will be voting in-person in heavily conservative areas: TAKE YOUR TIME,2020-11-02,vote ederal government simple iberals conservative onservatives liberal votes election day
liberal,jmfefs,Is venting allowed here?,2020-11-02,conversation wearing time posted vent election people crazy ot allowed fucking people voting rump corrupt reality trust completely behavior republican identity politics president divided half country literally fell lies rhetoric heart ow happen education ow critical thinking hy world red team blue team election love hear yall hanks dont forget vote havent
liberal,jmrx62,"Biden supporters, how would you convince me to vote for Biden?",2020-11-03,en time voter ve spent life grew class religious voted emocrat family fan ost people assume left iden emocratic policies affect start education recently independent deal money wouldnt student healthcare blue benefit idens policies dont merica economic political ow iden deal hundreds past month ould ran rump iden deal police brutality race issues rump iden policies iden rump bringing pandemic control economy ould iden economy rump issues feel free comment havent youre respond question isnt questions people dont answer veryone opinion hear hard neutral discussions hope
liberal,jo6398,question,2020-11-05,parents agree pro gay rights stuff parents conservative liberal beliefs wondering liberal
liberal,jo694l,Anyone else feeling a little insulted for Hillary?,2020-11-05,rom absolutely perspective oe liberal candidates campaigns weve hes putting fight ven doesnt victory agree illary bad candidate rump ut damn doesnt
liberal,jo7ibw,Moving forward cohesively from the election.,2020-11-05,guys conservative liberal time reasons conservative nation people accept recent election stand winning candidate president personally vote oe iden reasons personal hes running ere left left disagree issues directly personal situation life understanding realize agree question line oth ow learn accept differences move country communities community guys
liberal,jpdzgv,Is it a real victory?,2020-11-07,school democrat conservative eventually fan trump bad ideas election strong democratic president eventually people feel iden eorge call arris black es rump gain senate republican house lost lot seats honestly feel bama talk political
liberal,jpedqu,Stick to your convictions,2020-11-07,lot posts subs entire post encourage guns learn continue happen post truth world ou half country total bullshit complete lack shame ou half afraid leave post truth lie dont wait lie check shame shame truth ven youre afraid wrong total shit shame wing shit
liberal,jpfd2i,Georgia runoff election,2020-11-07,eorgia wondering people havent voted register vote yall outcome anuary
liberal,jpl3wk,Why are we so divided?,2020-11-07,people left aybe minds media news honestly start people liberal conservative view isnt race people health care education energy stop hate political
liberal,jpyf2c,Please don't ignore social distancing to celebrate,2020-11-08,ut record ts reasons oe iden lead country ont signs ont huge
liberal,jq1t7v,Now is the time to welcome conservatives into the fold,2020-11-08,victory arent issues require address issues nation divided rump supporters hard bought president time world ago trump supporter guys lost conservatives issues rump supporters change mind listen
liberal,jqe5yb,"I did not vote for Biden, but I am pleasantly surprised.",2020-11-09,ve exas life election vote strong supporter hold conservative social values hold economic ideas rump win honestly rump idens address day hearing rump child easily win election media rump iden giving run country efore election iden absolute lot respect supporters time time time time heal time heal merica cities including win rump stock world voted rump nation rump country iden chance change
liberal,jr9w7f,"From me, a conservative, to you all. Thank you! I sincerely mean that!",2020-11-10,conservative happy outcome election ind read live conservative agreed voted republican ut start views democrat voters hank past months eyes terrible absolutely ridiculous rump hat republican vote republican ut real matter beliefs realize human time change agree lot idens ideas respect outcome election hope bring true change country hank voting ince election funny conservatives coming election ut time accept country post gain friends family hank hank coming record voting trump hank hope country benefit democrats left wing supporters hard feelings hold political beliefs ts freedom hats merica hanks post ut hank
liberal,jrp3vb,The ONLY way you could support Crump...,2020-11-11,person support rump statements support found family comments ut means people lot realized
liberal,jrqikd,"Question about Unions and the ""made in America"" debacle",2020-11-11,parents epublicans insurance job bad ve emocrats hats literally reason rump office supported merica companies brought attention rump line choose ignore ust ve campaigns candidates majority rump ve people checked read voted rump election hats dont understand epublicans support class people merica businesses politics emocrat ome dont
liberal,jryhi2,I’m Scared,2020-11-11,ve rump election result rumps afraid republican justice departments federal level shot democracy absolute
liberal,jrzyv1,Might I offer a suggestion? Stop applauding republican voters who have all of a sudden decided they are happy Biden won.,2020-11-11,post votes stated vote iden surprised happy doubt reason voted rump epublicans fter racist rhetoric possibly vote rump agree respect voting disagree respect obvious ook dont president mistake rump frankly emocrat senate removed office onservatives epublicans dont care rump hey care courts decide based personal constitution law hope support dont bad rump supporters possibly helped trump supporters
liberal,js42vy,I’m seeing many Trump voters that believe he still has a way to win the election.,2020-11-11,oes conservative subs eorgia hand rump win hey rump win swing
liberal,jsgm6t,Please explain...,2020-11-12,guess liberal lease statements rump racism effort black communities jobs justice system easier society found dont step direction ere efore amala arris bamas oe iden candidate black candidate iden called hurt iden ut simple racist candidate sound black ow held public office surprised short isnt racist
liberal,jsyid7,Contribute to GA Senate races,2020-11-13,eorgia party enate epublicans win seats itch connell power idens lease encourage vote absentee inperson anuary ts absolutely critical emocratic candidates win seats organizations ground campaigns spend ight started voter register voters ew eorgia roject register eorgia voters people women ote ome money lack voter register voters mericans ustice communities color protect civil rights voters doesnt website eorgia roject community voter registration atino community based woman campaign campaigns voters fix issues election officials absentee ballot eorgia roject phone social media eorgia emocrats anuary vote register ut college students voter vote ovember election vote
liberal,juqucl,My dad is an extreme Trump supporter,2020-11-16,post vent liberal dad extreme rump supporter past hard result recent months civil debate topics experience story grew minutes ew ork oth parents liberals dad educated immigrant abortion diversity considered republican ran reasons owever gun ox ews rump reasons rumps support rump elected avoid talks politics avoid honest day educated brainwashed hit protests broke started approach situation dad pretty phone call planned told people talking told dont level relationship life told wrong history brought continued claims response dad debates month topic fter debate debate process remind days topic debate weeks provide videos support weeks topic decided information massive merica plan research sources credible decide check terms prevent encourage information read sources information sources goal debates based educated content hile content leaning claims based credible research included ow ou ake fter understanding liberals fake news goal truth research included fake news article checking agreed weeks fake removed approach research read article guy focused opinion irst credibility low recent articles data ne recent articles times words left leaning words eft emocrat iberal leaning words ight epublican hen top words statements terms audience claims created terms lso content articles list words left leaning terms results left leaning words leaning words ome examples words left included leftist decades merica ont damn left opinion words convince dad credible victory easily debate real progress dont read anymore victory based agreed agree goal ets past true common sense obvious focus factual information result debate agreed check judge credibility avoid content extreme bias addition shared understanding manipulation bias articles send audience owever claims evidence research factual manipulation bias convince audience false information information audience judge bias manipulation credible feels progress dont debate dad decided upreme ourt debate spend time debate learned lot wasnt debate owever track agreed factual research supported factual time debate decided epublican ow oth research due research rumps hat rump rump ut research ay read article ay red flag rom fake news discussion dont time debate credible information moving past decided message hard article virus civil addition credibility source extreme rightwing bias conspiracy propaganda false claims checking agreed started watching main topic rumps campaign imagine rump minutes situation claiming false information true video false stated research credibility credibility topic spending time energy doesnt havent rest research feeling hen walk ow truth set free feels truth
liberal,jx3clc,Political Allegiance between rural and urban areas,2020-11-20,person politics election emocratic voters epublican voters rural ay imagine wealthy people live cities understand politics
liberal,k4gglg,Can y’all go to Twitter to thank Governor Doug Ducey for doing the right thing today?,2020-12-01,ll crazy witter election results hich credible fraud evidence found safe secure election system
liberal,k6f4zr,How do I share my opinions in a liberal environment as a conservative?,2020-12-04,class education main focus handle students environment theyre treated students safe environment class owever lot topics political conservative middle emocrat epublican leaning republican half class looked majority class brought conservative stance opinion shut sense time handle students social economic issues home kids ne student students care children hands shoot spent minutes telling horrible idea engage discussions learn politics feel lost conservative issue feel critical opinion liberal view hat prevent happening
liberal,k84b96,"Tomorrow, Dec. 7 is the voter registration deadline for the Georgia runoffs!",2020-12-07,vote voter status track ballot polling hours absentee ballot request
liberal,k9adi9,I Genuinely Want To Know Liberal Beliefs,2020-12-09,conservative lease ont argument fter amount fellow conservatives people election fraud ve realized theyre thinking liberalism bad questions liberal beliefs liberal hat ccording liberals political views doubt hat free speech argument media personally acebook witter supporting idea election fraud hile election legitimate media ideas ven stuff ts wrong dont spread lies free speech hats liberal view hould diversity computer idea hiring hiring minority ay hiring white straight straight white hes job liberalism diversity hat diversity ow equality ccording liberals giving benefits debate theyre fix dont benefits reason giving benefits hats equality bias bias dont ow equality ve conservatives argument dont dont call media argument liberal views conservative views hank
liberal,k9maha,"Proof, evidence, facts that prove Trump is a racist.",2020-12-09,trump times owever president merican communities racist racist race race lso pro rights lack people rights ot start fight evidence racist horrible person makes reason
liberal,khr7a3,"Trumpers so desperate for newspapers to echo their beliefs, they are following for Chinese Cult tabloids.",2020-12-22,ust reading dont government truth complete lies spread propaganda belief rump word rump friends paper veryone freedom speech information
liberal,kingoe,"For the love of God, we need to learn how to take yes for an answer",2020-12-23,stimulus ook emocrats push stimulus months enate epublicans connell pushed hen passed epublican elosi ongress amount stimulus politicians happy blame elosi hich extremely politicians voted fucking ut response rump means merican people itch huge hanks rump line shut fuck ts crazy epublican extremely progressive exact democrats months ll obvious answer bring home rump won people feel reason emocrats completely answer incredibly fucking easy rump entire base ll resident idea merican people lead hats ts feel emocratic rump liberals car ny democratic voter ut merican people finally hat fucking exact bullshit hate win epublicans fault rump months ago party mericans democrats ut dont dont hat fuck finally energy ow ook join hands love ot ts job heal awful racist shit ut shit ay feel idea love od stop fucking answer
liberal,konlnu,Question,2021-01-02,question argue thinking life conservative voted democrat short voting ike emocrat ve voted hat information live conservative fter rump happen enate week epublican arty pro life emocratic arty pro coming wrong pro life ow vote pro life candidate ow asically pro life understand vote person job guess hank
liberal,ks1eb6,My thoughts on today’s events.,2021-01-07,oday broke senate broke broke shut college votes forced masks secure resident days witter shut account shot police incredibly response protests low resident rump ll feel election rump evidence mind court complete lack evidence including hanks rump voters hanks ts president hell policies ou voted conservative rump voters heart dont heart wrong house ou literally democracy
liberal,ksm1nu,No one knows what terrorism is,2021-01-08,rightwing protests textbook definition terrorism textbook definition terrorism hard political violence paper hard political definition terrorism war riot standard yesterday terrorism hat terrorism textbook online violent ut left terrorism actions democracy white police lack officers white rally black similar size police response yesterday terrorism planned terrorism white nationalist violence terrorism rumps entire base terrorism examples terrorism actions yesterday horrible reach word realize standard calling terrorism justify word yesterday
liberal,ktymnn,People Who Equate the Insurrection with BLM Protests Last Summer- Do They Have Any Valid Points?,2021-01-10,dont acebook past months told fighting happened week protests liberal politicians violence follow lot protests violence violence week liberal media violence
liberal,ku2d5j,"Republicans want to argue about social media and ""big tech"" to pivot from their terrorist coup",2021-01-10,social media feel rump social media attention change main discussions country witter acebook
liberal,kww1hm,Call it what it is,2021-01-14,ts time start playing epublicans ets conservative republican word hate calling apitol riot similar call rump republicans die
liberal,kwx3qu,So Much Winning,2021-01-14,mericans dead pandemic rump called loses ouse enate rump officials overturn election rump rump attack apitol people die including police rump supporters lives women rump violence witter acebook rumps office rump rump ew ork rump apitol rump loses itch support rump loses ike rump
liberal,l0p2k5,I can be a hypocrite...,2021-01-20,isnt post share strong liberal values rights healthcare strong government values owever hate registration care car remind benefits system wouldnt safe remind similar situation gain protect values feel bad system conservative stand oes feelings
liberal,l3mq3c,Preparing for 2022,2021-01-24,ow emocrats enate ouse concerns focused epublicans push money enate ouse start emocratic defense hat directly reelection ave enate enate
liberal,l8niok,"With what is going on in with GameStop and Wall Street, don't forget that in 2018 the Trump Administration tried to gut the Dodd-Frank Act",2021-01-31,dont rump support father law supposed check type behavior ook absolute bad ox ews isnt lease actions destroy companies people lose jobs honestly political liberal free market equality race religion sexual hat movement started hope power internet communities fight hat fight future time internet finally voice won emocrats hite ouse ongress businesses created called completely liberal government hey won hey managed political system merica hat guys looked wealthy finally hope started ow theyre market manipulation market manipulation completely decades hey dont access money message
liberal,la5ek1,"As t**** Raked In Cash Denying His Loss, Little Went to Actual Legal Fight",2021-02-02,resident onald rump epublican arty million ovember based false claims voter fraud spending effort overturn election campaign gt ederal rump public effort spread lie money legal push support conspiracy gt campaigns single million media bought million online epublican millions dollar rump online weeks spent legal gt told rumps campaign spent million legal spent ederal gt rumps votes fell courts iden elected president voters lectoral ongress day rump apitol gt rumps election power millions supporters party sitting times republicans bama millions presidency bama money actively spent entire presidency money ts thinking theyre fighting literally power
liberal,lbolx0,"COVI, Mental Health and College Age Kids",2021-02-04,ello liberal conservative social liberal wouldnt call liberal merican sense question people stage education liberal leaning giving means deal lot students age ow political liberalism honestly ts students telling world government policy benefit doubt lot agree current budget conversation generation lot mental health agree ow justify gain strong police dangerous talking ve happen people house guests supposed dont hands wear mask fuck people mental health world shut literally restrictions life online ut feel people local
liberal,lbwyjc,Help me understand this issue (trans kids in competitive sports),2021-02-04,start progressive support civil rights community logic situation bullshit bring issue differences reach women considered fair directly person age taking gender agree divided issue ut track wear correct unfair advantage ut person pretty reach type independent gender honestly dont position issue
liberal,lmxv6r,Can someone please explain critical race theory to me?,2021-02-19,hat hy conservatives hate hy hear racist lease explain feel free answer
liberal,lpts38,Serious question- Is it possible to add a 4th branch of the government?,2021-02-23,eople amendment popular vote federal issue majority senate vote ll mericans vote federal issue majority vote people questions included hen question issue trump riot hen follow id elected officials voted follow oath office constitution ow voted hould voted oath office constitution held accountable id government follow oath office constitution process hould held accountable obvious voting constitution people legal option merican people
liberal,lq6s5c,Conservative with a question,2021-02-23,peace understand ne left leaning people tax rich rich power government eyes wealthy people power lower class leaves time ts liberal idea government bad laws hey cops guns cops bad police ust hoping hope
liberal,lxs2bo,Snowflake Insurrectionist threw a tantrum because he doesn’t get to be released on bond,2021-03-05,imagine apitol office ouse judge isnt terrorism violence politics definition terrorism
liberal,mtiquf,"Why do liberals hate ""extreme"" libs?",2021-04-19,iberals love ut liberal system liberals hat liberals complaining extreme left looting ow expect change happen
liberal,mu994g,So what do you think about Mike Lindell's ostensible defense in the Dominion defamation suit?,2021-04-20,ccording article plan argue voting government irst government managed argument court guess money emocrat past
liberal,nafmir,Combatting Nationalist Rhetoric,2021-05-12,eople ur campaign control question people countries humans citizens countries countries violent anti immigrant rhetoric rhetoric fear life humans control anti laws justify human rights immigrant abuse hen peoples people living country peoples means nited tates human rights hundreds people country programs rhetoric takes action anti immigrant nationalist rhetoric immigrant threat safety job justify people bought nationalist anti immigrant rhetoric human rights violence told human solution education equality humans hats campaign ur goal actively nationalist threat safety power job
liberal,nv0u9y,What you can personally do in 5 min a day to save out Democracy that requires no money.,2021-06-08,worried thinking worse rant people found helping day listen hey listen rant calls support dont hey hear live red option country talk terrible action citizens calls feel democracy calling elected officials hard track found citizens elected officials call oe epublicans iden passed rump country talking country human bad start happening ts power day day week spend calling issues topics list issues script call issues calls makes easier issues voter eorge loyd thinking ake ake power simple calls issue youre dont call emocrat true hey hear hey support ont en voted en easy day list issues script call issues calls makes easier hope
liberal,nzks4b,Am I a bad person for sometimes wishing my relatives got sick from the pandemic to fully understand how serious it is?,2021-06-14,title pandemic public ts honestly step dad person adult included mom act family ne pay ovid die simply common mask wearing wrong
liberal,o3w5j3,Trump s not a racist,2021-06-20,liberals definition racist person person people racial media liberals create rally doesnt care hite lack love issue dont level solution conservatives understand
liberal,o51bnz,Equity vs Equality,2021-06-22,guys race real action merica relay race ow fix issue ow imagine ago race merican ran ran owever race chance run fair race past question continue hundreds forward generation generations ago decades rules changed run equal level hundreds hite past ut solution solution white racer running current lack racer hat extremely unfair hite racer recently past run free equal win current lack relay racer force forced created ago race aybe sense hite racer running unfair fair relay race team extremely lead free team call true equality owever fair team unfair advantage bias real solution equality feeling people time hat guys ve race relay race race team children equality created black fell ago fair relay race team extremely lead free team call true equality owever fair team unfair advantage bias past
liberal,o6dfn7,Struggling with a race issue,2021-06-23,post call racist white liberal educate ally black friends owever step reading black friends lack people dont ts theyre ts people ve pay act talk ts basic stuff ike yesterday told wouldnt insurance info process minutes closed fair told remember process script insurance info system wasnt happened black told call insurance wouldnt script hours lot multiple times month supposed accept black people negative ally people dont
liberal,o6f5u1,Black Pride Month?,2021-06-24,ay month started lack month remind lack month short hate
liberal,o6hfpi,Thoughts on Liberals and Rational Thinking?,2021-06-24,huge reason ve liberal strong reasons policies ideas liberal sound science life data sources opinions topic critical change opinions age conservatives terms hand ideology hile true amount liberals refuse debate research results examples mind gender dollar means race crime discussion black black crime relationship black city culture crime addition reasons examples topics terrible utin awful worse actively protests owever discuss politics liberals people tend utin rump absolutely utin nationalist conservative policies people utin liberals times ve brought ve called utin supporter doesnt liberal examples post hat liberals similar conservatives liberalism
