Sub,word_ID_full,topic
belfast,95,1-1
belfast,97,1-1
belfast,166,1-1
belfast,231,1-1
belfast,303,1-1
belfast,389,2-1
belfast,394,1-1
belfast,415,1-1
belfast,416,1-1
belfast,460,1-1
belfast,508,1-1
belfast,532,1-1
belfast,539,1-1
belfast,547,1-1
belfast,552,1-1
belfast,557,1-1
belfast,560,1-1
belfast,563,1-1
belfast,567,2-1
belfast,581,1-1
belfast,597,1-1
belfast,605,3-1
belfast,609,1-1
belfast,614,1-1
belfast,615,2-1
belfast,633,1-1
belfast,648,1-1
belfast,671,1-1
belfast,806,1-1
belfast,807,2-1
belfast,937,2-1
belfast,966,3-1
belfast,986,1-1
belfast,1018,2-1
belfast,1025,1-1
belfast,1027,3-1
belfast,1028,2-1
belfast,1033,1-1
belfast,1046,1-1
belfast,1048,2-1
belfast,1054,1-1
belfast,1062,3-1
belfast,1068,2-1
belfast,1069,1-1
belfast,1099,1-1
belfast,1140,2-1
belfast,1149,1-1
belfast,1158,1-1
belfast,1168,1-1
belfast,1174,1-1
belfast,1186,1-1
belfast,1192,1-1
belfast,1194,1-1
belfast,1196,2-1
belfast,1246,1-1
belfast,1346,3-1
belfast,1360,1-1
belfast,1368,2-1
belfast,1400,1-1
belfast,1403,2-1
belfast,1458,1-1
belfast,1476,1-1
belfast,1493,1-1
belfast,1496,1-1
belfast,1507,1-1
belfast,1513,1-1
belfast,1523,1-1
belfast,1528,1-1
belfast,1531,1-1
belfast,1537,1-1
belfast,1589,1-1
belfast,1590,1-1
belfast,1591,1-1
belfast,1598,2-1
belfast,1668,2-1
belfast,1692,1-1
belfast,1721,1-1
belfast,1724,3-1
belfast,1725,3-1
belfast,1763,1-1
belfast,1765,1-1
belfast,1785,2-1
belfast,1795,1-1
belfast,1802,1-1
belfast,1822,1-1
belfast,1825,1-1
belfast,1993,1-1
belfast,1996,1-1
belfast,2012,1-1
belfast,2014,1-1
belfast,2029,1-1
belfast,2031,2-1
belfast,2037,1-1
belfast,2070,2-1
belfast,2173,1-1
belfast,2247,1-1
belfast,2327,2-1
belfast,2337,1-1
belfast,2462,1-1
belfast,2546,4-1
belfast,2551,1-1
belfast,2557,1-1
belfast,2637,1-1
belfast,2644,1-1
belfast,2686,2-1
belfast,2719,1-1
belfast,2830,1-1
belfast,2908,1-1
belfast,3060,1-1
belfast,3120,1-1
belfast,3121,1-1
belfast,3133,2-1
belfast,3160,1-1
belfast,3161,1-1
belfast,3416,1-1
belfast,3463,4-1
belfast,3585,1-1
belfast,3609,1-1
belfast,3637,1-1
belfast,3758,1-1
belfast,3760,1-1
belfast,3766,1-1
belfast,3919,1-1
belfast,3935,2-1
belfast,3983,1-1
belfast,4038,1-1
belfast,4039,1-1
belfast,4040,1-1
belfast,4230,1-1
belfast,4236,4-1
belfast,4261,1-1
belfast,4357,2-1
belfast,4358,1-1
belfast,4359,3-1
belfast,4535,1-1
belfast,4538,1-1
belfast,4872,1-1
belfast,4975,1-1
belfast,5193,1-1
belfast,5275,1-1
belfast,5280,1-1
belfast,5437,2-1
belfast,5439,1-1
belfast,5581,2-1
belfast,5584,1-1
belfast,5594,2-1
belfast,5605,2-1
belfast,5606,1-1
belfast,5609,1-1
belfast,5612,2-1
belfast,5615,2-1
belfast,5627,1-1
belfast,5669,1-1
belfast,5744,4-1
belfast,5747,1-1
belfast,5756,1-1
belfast,5835,1-1
belfast,6108,2-1
belfast,6191,1-1
belfast,6236,1-1
belfast,6526,3-1
belfast,6529,1-1
belfast,6539,1-1
belfast,6657,1-1
belfast,6665,1-1
belfast,6697,3-1
belfast,6710,1-1
belfast,6723,2-1
belfast,6725,1-1
belfast,6729,1-1
belfast,6765,2-1
belfast,6766,2-1
belfast,6769,3-1
belfast,6772,1-1
belfast,6774,2-1
belfast,6775,2-1
belfast,6778,3-1
belfast,6780,1-1
belfast,6781,1-1
belfast,6789,1-1
belfast,6801,1-1
belfast,6827,3-1
belfast,6831,1-1
belfast,6835,2-1
belfast,6844,1-1
belfast,6847,1-1
belfast,6852,1-1
belfast,6856,1-1
belfast,6888,1-1
belfast,7162,1-1
belfast,7164,1-1
belfast,7210,1-1
belfast,7242,1-1
belfast,7368,1-1
belfast,7433,2-1
belfast,7528,1-1
belfast,7536,1-1
belfast,7641,1-1
belfast,7838,3-1
belfast,7953,2-1
belfast,8005,2-1
belfast,8094,2-1
belfast,8096,1-1
belfast,8097,1-1
belfast,8101,2-1
belfast,8208,1-1
belfast,8273,3-1
belfast,8276,1-1
belfast,8316,2-1
belfast,8320,3-1
belfast,8359,3-1
belfast,8473,1-1
belfast,8570,1-1
belfast,8628,3-1
belfast,8697,1-1
belfast,8763,3-1
belfast,8799,2-1
belfast,8883,2-1
belfast,8887,2-1
belfast,8937,1-1
belfast,8956,1-1
belfast,8980,1-1
belfast,8981,1-1
belfast,8983,1-1
belfast,8984,1-1
belfast,8993,1-1
belfast,9452,2-1
belfast,9457,1-1
belfast,9462,1-1
belfast,9567,3-1
belfast,9603,2-1
belfast,9604,3-1
belfast,9614,1-1
belfast,9623,1-1
belfast,9625,1-1
belfast,9689,1-1
belfast,9704,1-1
belfast,9818,1-1
belfast,9820,1-1
belfast,9821,2-1
belfast,9824,1-1
belfast,9871,2-1
belfast,9939,1-1
belfast,10014,2-1
belfast,10015,2-1
belfast,10026,1-1
belfast,10043,3-1
belfast,10053,1-1
belfast,10077,1-1
belfast,10078,1-1
belfast,10079,1-1
belfast,10088,1-1
belfast,10185,1-1
belfast,10208,1-1
belfast,10211,2-1
belfast,10251,1-1
belfast,10322,1-1
belfast,10327,1-1
belfast,10328,3-1
belfast,10371,1-1
belfast,10387,2-1
belfast,10389,1-1
belfast,10390,1-1
belfast,10439,3-1
belfast,10445,2-1
belfast,10452,1-1
belfast,10469,1-1
belfast,10486,1-1
belfast,10872,1-1
belfast,10910,1-1
belfast,10932,3-1
belfast,10936,1-1
belfast,11027,1-1
belfast,11031,1-1
belfast,11033,1-1
belfast,11039,1-1
belfast,11068,1-1
belfast,11105,3-1
belfast,11113,1-1
belfast,11114,1-1
belfast,11116,1-1
belfast,11129,1-1
belfast,11135,1-1
belfast,11136,4-1
belfast,11146,3-1
belfast,11147,3-1
belfast,11152,1-1
belfast,11156,1-1
belfast,11171,1-1
belfast,11199,2-1
belfast,11219,2-1
belfast,11226,1-1
belfast,11234,1-1
belfast,11250,1-1
belfast,11274,4-1
belfast,11286,1-1
belfast,11287,1-1
belfast,11288,1-1
belfast,11289,1-1
belfast,11302,1-1
belfast,11306,1-1
belfast,11310,1-1
belfast,11333,1-1
belfast,11341,2-1
belfast,11346,3-1
belfast,11363,1-1
belfast,11366,1-1
belfast,11643,1-1
belfast,11648,1-1
belfast,11654,2-1
belfast,11655,1-1
belfast,11665,1-1
belfast,11672,1-1
belfast,11674,1-1
belfast,11680,1-1
belfast,11685,2-1
belfast,11690,1-1
belfast,11697,1-1
belfast,11700,1-1
belfast,11716,1-1
belfast,11723,1-1
belfast,11739,2-1
belfast,11750,1-1
belfast,11754,1-1
belfast,11769,1-1
belfast,11807,1-1
belfast,11829,1-1
belfast,11830,1-1
belfast,11831,1-1
belfast,11832,2-1
belfast,11861,3-1
belfast,11864,3-1
belfast,11866,3-1
belfast,11895,1-1
belfast,11920,1-1
belfast,11922,2-1
belfast,11940,1-1
belfast,11955,1-1
belfast,11957,1-1
belfast,12012,1-1
belfast,12016,1-1
belfast,12021,1-1
belfast,12023,1-1
belfast,12057,1-1
belfast,12063,4-1
belfast,12088,2-1
belfast,12108,1-1
belfast,12111,1-1
belfast,12145,1-1
belfast,12157,1-1
belfast,12171,3-1
belfast,12184,1-1
belfast,12188,1-1
belfast,12238,1-1
belfast,12243,2-1
belfast,12264,2-1
belfast,12290,1-1
belfast,12382,1-1
belfast,12394,2-1
belfast,12407,1-1
belfast,12421,2-1
belfast,12424,1-1
belfast,12427,1-1
belfast,12444,1-1
belfast,12445,2-1
belfast,12453,1-1
belfast,12461,1-1
belfast,12465,1-1
belfast,12466,4-1
belfast,12484,1-1
belfast,12490,2-1
belfast,12502,3-1
belfast,12505,1-1
belfast,12511,2-1
belfast,12519,1-1
belfast,12520,1-1
belfast,12528,1-1
belfast,12542,1-1
belfast,12620,1-1
belfast,12621,1-1
belfast,12625,2-1
belfast,12658,1-1
belfast,12673,1-1
belfast,12678,1-1
belfast,12720,1-1
belfast,12729,4-1
belfast,12777,1-1
belfast,12785,1-1
belfast,12790,1-1
belfast,12803,1-1
belfast,12839,1-1
belfast,12858,1-1
belfast,12861,1-1
belfast,12883,1-1
belfast,12892,1-1
belfast,12901,1-1
belfast,12903,3-1
belfast,12904,1-1
belfast,12951,1-1
belfast,12955,2-1
belfast,12956,2-1
belfast,12957,2-1
belfast,12966,1-1
belfast,12978,1-1
belfast,12990,1-1
belfast,13004,3-1
belfast,13024,1-1
belfast,13030,3-1
belfast,13032,1-1
belfast,13033,2-1
belfast,13037,1-1
belfast,13043,2-1
belfast,13047,1-1
belfast,13050,1-1
belfast,13069,1-1
belfast,13122,2-1
belfast,13141,1-1
belfast,13149,3-1
belfast,13161,1-1
belfast,13163,2-1
belfast,13171,1-1
belfast,13175,1-1
belfast,13181,3-1
belfast,13182,2-1
belfast,13201,1-1
belfast,13203,1-1
belfast,13206,2-1
belfast,13207,2-1
belfast,13216,1-1
belfast,13221,1-1
belfast,13227,1-1
belfast,13243,1-1
belfast,13250,1-1
belfast,13254,1-1
belfast,13259,1-1
belfast,13263,1-1
belfast,13272,4-1
belfast,13283,1-1
belfast,13303,1-1
belfast,13313,3-1
belfast,13315,1-1
belfast,13322,1-1
belfast,13323,1-1
belfast,13326,1-1
belfast,13327,1-1
belfast,13337,1-1
belfast,13341,1-1
belfast,13343,3-1
belfast,13370,1-1
belfast,13406,1-1
belfast,13420,1-1
belfast,13426,2-1
belfast,13431,1-1
belfast,13437,1-1
belfast,13448,1-1
belfast,13465,1-1
belfast,13482,4-1
belfast,13501,2-1
belfast,13537,2-1
belfast,13552,4-1
belfast,13553,4-1
belfast,13574,1-1
belfast,13576,2-1
belfast,13581,1-1
belfast,13587,1-1
belfast,13592,1-1
belfast,13612,1-1
belfast,13621,3-1
belfast,13631,1-1
belfast,13690,2-1
belfast,13695,1-1
belfast,13697,1-1
belfast,13721,1-1
belfast,13728,2-1
belfast,13737,1-1
belfast,13738,1-1
belfast,13746,1-1
belfast,13754,1-1
belfast,13772,1-1
belfast,13775,2-1
belfast,13776,2-1
belfast,13783,3-1
belfast,13785,4-1
belfast,13793,1-1
belfast,13794,2-1
belfast,13796,2-1
belfast,13812,1-1
belfast,13815,1-1
belfast,13850,1-1
belfast,13867,1-1
belfast,13870,1-1
belfast,13871,1-1
belfast,13882,1-1
belfast,13906,1-1
belfast,13944,1-1
belfast,13952,1-1
belfast,13955,1-1
belfast,13978,1-1
belfast,13983,1-1
belfast,13994,1-1
belfast,14008,1-1
belfast,14011,1-1
belfast,14012,1-1
belfast,14013,2-1
belfast,14016,1-1
belfast,14052,1-1
belfast,14058,1-1
belfast,14065,4-1
belfast,14084,1-1
belfast,14092,1-1
belfast,14142,1-1
belfast,14161,2-1
belfast,14192,1-1
belfast,14198,1-1
belfast,14210,1-1
belfast,14214,1-1
belfast,14231,1-1
belfast,14245,1-1
belfast,14255,3-1
belfast,14267,1-1
belfast,14295,1-1
belfast,14298,1-1
belfast,14299,1-1
belfast,14300,1-1
belfast,14301,1-1
belfast,14309,1-1
belfast,14348,4-1
belfast,14349,1-1
belfast,14397,3-1
belfast,14399,1-1
belfast,14471,1-1
belfast,14476,4-1
belfast,14479,1-1
belfast,14484,1-1
belfast,14494,1-1
belfast,14505,3-1
belfast,14538,1-1
belfast,14551,2-1
belfast,14552,2-1
belfast,14574,1-1
belfast,14579,1-1
belfast,14580,3-1
belfast,14588,1-1
belfast,14594,2-1
belfast,14595,1-1
belfast,14597,4-1
belfast,14660,1-1
belfast,14704,1-1
belfast,14709,2-1
belfast,14727,3-1
belfast,14738,3-1
belfast,14749,3-1
belfast,14754,1-1
belfast,14774,1-1
belfast,14795,1-1
belfast,14797,1-1
belfast,14803,2-1
belfast,14841,1-1
belfast,14842,1-1
belfast,14871,1-1
belfast,14894,2-1
belfast,14915,1-1
belfast,14916,2-1
belfast,14917,1-1
belfast,14943,1-1
belfast,14975,1-1
belfast,14976,1-1
belfast,14993,2-1
belfast,14998,4-1
belfast,15005,1-1
belfast,15011,1-1
belfast,15065,3-1
belfast,15076,1-1
belfast,15080,1-1
belfast,15081,1-1
belfast,15082,1-1
belfast,15092,1-1
belfast,15116,1-1
belfast,15121,2-1
belfast,15131,2-1
belfast,15135,2-1
belfast,15140,1-1
belfast,15230,2-1
belfast,15231,1-1
belfast,15234,1-1
belfast,15235,2-1
belfast,15236,2-1
belfast,15287,1-1
belfast,15290,1-1
belfast,15305,1-1
belfast,15313,1-1
belfast,15322,1-1
belfast,15351,1-1
belfast,15362,1-1
belfast,15401,1-1
belfast,15406,1-1
belfast,15423,3-1
belfast,15428,2-1
belfast,15440,1-1
belfast,15448,1-1
belfast,15466,1-1
belfast,15469,1-1
belfast,15505,1-1
belfast,15512,1-1
belfast,15531,1-1
belfast,15535,2-1
belfast,15546,1-1
belfast,15547,1-1
belfast,15551,1-1
belfast,15555,1-1
belfast,15562,1-1
belfast,15563,1-1
belfast,15583,2-1
belfast,15585,1-1
belfast,15598,1-1
belfast,15608,1-1
belfast,15632,1-1
belfast,15633,2-1
belfast,15656,1-1
belfast,15658,1-1
belfast,15659,1-1
belfast,15664,1-1
belfast,15676,2-1
belfast,15699,1-1
belfast,15750,2-1
belfast,15795,1-1
belfast,15799,1-1
belfast,15820,1-1
belfast,15822,4-1
belfast,15826,1-1
belfast,15834,1-1
belfast,15852,1-1
belfast,15876,1-1
belfast,15905,1-1
belfast,15909,2-1
belfast,15920,1-1
belfast,15988,1-1
belfast,15991,1-1
belfast,16026,1-1
belfast,16031,1-1
belfast,16045,1-1
belfast,16050,1-1
belfast,16054,1-1
belfast,16078,3-1
belfast,16109,1-1
belfast,16147,1-1
belfast,16209,3-1
belfast,16210,3-1
belfast,16248,1-1
belfast,16257,1-1
belfast,16268,2-1
belfast,16274,1-1
belfast,16298,1-1
belfast,16302,1-1
belfast,16303,1-1
belfast,16311,1-1
belfast,16337,2-1
belfast,16362,2-1
belfast,16374,1-1
belfast,16391,2-1
belfast,16394,1-1
belfast,16402,1-1
belfast,16404,3-1
belfast,16405,1-1
belfast,16408,2-1
belfast,16409,1-1
belfast,16446,1-1
belfast,16448,1-1
belfast,16454,1-1
belfast,16471,1-1
belfast,16473,1-1
belfast,16516,1-1
belfast,16518,1-1
belfast,16532,1-1
belfast,16556,2-1
belfast,16558,1-1
belfast,16574,1-1
belfast,16608,1-1
belfast,16612,4-1
belfast,16624,1-1
belfast,16636,1-1
belfast,16644,1-1
belfast,16645,1-1
belfast,16656,3-1
belfast,16664,1-1
belfast,16671,1-1
belfast,16675,1-1
belfast,16676,2-1
belfast,16677,1-1
belfast,16679,1-1
belfast,16688,1-1
belfast,16700,1-1
belfast,16722,3-1
belfast,16726,1-1
belfast,16735,1-1
belfast,16741,1-1
belfast,16743,1-1
belfast,16779,1-1
belfast,16780,1-1
belfast,16797,1-1
belfast,16812,2-1
belfast,16815,2-1
belfast,16833,1-1
belfast,16837,3-1
belfast,16902,4-1
belfast,16929,2-1
belfast,16930,1-1
belfast,16932,2-1
belfast,16940,1-1
belfast,16951,1-1
belfast,16953,2-1
belfast,16955,1-1
belfast,16956,1-1
belfast,16959,2-1
belfast,16961,3-1
belfast,16972,1-1
belfast,16973,1-1
belfast,16998,1-1
belfast,17038,1-1
belfast,17041,1-1
belfast,17047,1-1
belfast,17066,1-1
belfast,17067,1-1
belfast,17080,2-1
belfast,17111,1-1
belfast,17115,1-1
belfast,17131,1-1
belfast,17158,1-1
belfast,17166,1-1
belfast,17180,1-1
belfast,17192,1-1
belfast,17205,2-1
belfast,17211,3-1
belfast,17215,2-1
belfast,17221,2-1
belfast,17223,3-1
belfast,17225,1-1
belfast,17231,4-1
belfast,17238,1-1
belfast,17265,1-1
belfast,17275,1-1
belfast,17276,3-1
belfast,17284,1-1
belfast,17289,3-1
belfast,17291,1-1
belfast,17294,1-1
belfast,17296,1-1
belfast,17301,1-1
belfast,17312,1-1
belfast,17315,2-1
belfast,17347,1-1
belfast,17360,1-1
belfast,17368,1-1
belfast,17379,1-1
belfast,17380,1-1
belfast,17389,4-1
belfast,17390,1-1
belfast,17391,4-1
belfast,17398,3-1
belfast,17399,1-1
belfast,17402,1-1
belfast,17423,1-1
belfast,17428,1-1
belfast,17436,1-1
belfast,17451,2-1
belfast,17454,1-1
belfast,17464,1-1
belfast,17465,3-1
belfast,17478,1-1
belfast,17481,1-1
belfast,17516,2-1
belfast,17531,1-1
belfast,17532,1-1
belfast,17537,1-1
belfast,17544,1-1
belfast,17563,1-1
belfast,17591,1-1
belfast,17600,1-1
belfast,17609,1-1
belfast,17626,1-1
belfast,17627,4-1
belfast,17641,1-1
belfast,17646,1-1
belfast,17670,1-1
belfast,17674,1-1
belfast,17685,1-1
belfast,17686,1-1
belfast,17688,2-1
belfast,17689,1-1
belfast,17727,2-1
belfast,17728,1-1
belfast,17738,2-1
belfast,17772,1-1
belfast,17784,2-1
belfast,17785,1-1
belfast,17788,1-1
belfast,17793,2-1
belfast,17820,1-1
belfast,17826,1-1
belfast,17870,1-1
belfast,17879,1-1
belfast,17925,1-1
belfast,17959,1-1
belfast,17967,1-1
belfast,17969,1-1
belfast,17989,1-1
belfast,17990,1-1
belfast,17992,2-1
belfast,18027,3-1
belfast,18034,1-1
belfast,18037,1-1
belfast,18054,1-1
belfast,18072,3-1
belfast,18074,1-1
belfast,18085,1-1
belfast,18088,1-1
belfast,18089,1-1
belfast,18101,1-1
belfast,18102,1-1
belfast,18109,1-1
belfast,18118,1-1
belfast,18128,3-1
belfast,18134,3-1
belfast,18135,2-1
belfast,18138,2-1
belfast,18153,1-1
belfast,18181,1-1
belfast,18192,1-1
belfast,18217,1-1
belfast,18219,1-1
belfast,18244,1-1
belfast,18266,2-1
belfast,18283,1-1
belfast,18335,1-1
belfast,18341,2-1
belfast,18343,1-1
belfast,18350,4-1
belfast,18352,1-1
belfast,18382,1-1
belfast,18386,3-1
belfast,18391,1-1
belfast,18396,4-1
belfast,18400,4-1
belfast,18429,1-1
belfast,18498,1-1
belfast,18506,1-1
belfast,18518,1-1
belfast,18520,1-1
belfast,18539,2-1
belfast,18551,3-1
belfast,18577,2-1
belfast,18606,1-1
belfast,18648,2-1
belfast,18650,3-1
belfast,18655,1-1
belfast,18670,2-1
belfast,18675,1-1
belfast,18680,1-1
belfast,18681,1-1
belfast,18685,1-1
belfast,18695,1-1
belfast,18704,3-1
belfast,18707,1-1
belfast,18717,1-1
belfast,18725,1-1
belfast,18731,1-1
belfast,18732,1-1
belfast,18733,2-1
belfast,18748,4-1
belfast,18814,1-1
belfast,18816,1-1
belfast,18831,2-1
belfast,18836,1-1
belfast,18837,1-1
belfast,18842,2-1
belfast,18848,1-1
belfast,18858,1-1
belfast,18865,1-1
belfast,18866,1-1
belfast,18878,3-1
belfast,18881,1-1
belfast,18885,1-1
belfast,18900,1-1
belfast,18920,4-1
belfast,18925,3-1
belfast,18930,2-1
belfast,18931,1-1
belfast,18934,1-1
belfast,18936,2-1
belfast,18940,3-1
belfast,18943,1-1
belfast,18945,1-1
belfast,18956,1-1
belfast,19007,1-1
belfast,19019,1-1
belfast,19020,3-1
belfast,19022,2-1
belfast,19051,1-1
belfast,19056,1-1
belfast,19059,1-1
belfast,19063,4-1
belfast,19067,2-1
belfast,19125,1-1
belfast,19143,3-1
belfast,19145,2-1
belfast,19149,1-1
belfast,19163,1-1
belfast,19180,1-1
belfast,19204,1-1
belfast,19233,2-1
belfast,19343,3-1
belfast,19384,1-1
belfast,19417,2-1
belfast,19419,2-1
belfast,19432,1-1
belfast,19447,1-1
belfast,19449,1-1
belfast,19451,1-1
belfast,19460,1-1
belfast,19466,1-1
belfast,19486,1-1
belfast,19493,3-1
belfast,19497,1-1
belfast,19501,4-1
belfast,19508,2-1
belfast,19547,2-1
belfast,19549,1-1
belfast,19550,1-1
belfast,19576,1-1
belfast,19581,1-1
belfast,19583,1-1
belfast,19584,1-1
belfast,19659,1-1
belfast,19673,1-1
belfast,19685,3-1
belfast,19696,1-1
belfast,19701,1-1
belfast,19712,2-1
belfast,19738,1-1
belfast,19739,1-1
belfast,19744,1-1
belfast,19753,1-1
belfast,19774,1-1
belfast,19787,2-1
belfast,19796,1-1
belfast,19799,1-1
belfast,19809,2-1
belfast,19825,2-1
belfast,19828,2-1
belfast,19847,2-1
belfast,19856,1-1
belfast,19886,3-1
belfast,19895,1-1
belfast,19901,1-1
belfast,19909,4-1
belfast,19984,1-1
belfast,20069,1-1
belfast,20074,4-1
belfast,20116,1-1
belfast,20122,3-1
belfast,20124,2-1
belfast,20128,2-1
belfast,20129,2-1
belfast,20136,2-1
belfast,20139,1-1
belfast,20149,4-1
belfast,20188,1-1
belfast,20228,1-1
belfast,20233,2-1
belfast,20235,2-1
belfast,20270,2-1
belfast,20272,1-1
belfast,20285,1-1
belfast,20287,1-1
belfast,20292,1-1
belfast,20307,4-1
belfast,20323,1-1
belfast,20412,1-1
belfast,20418,1-1
belfast,20426,1-1
belfast,20432,2-1
belfast,20447,1-1
belfast,20476,1-1
belfast,20487,3-1
belfast,20516,1-1
belfast,20520,1-1
belfast,20530,1-1
belfast,20586,1-1
belfast,20642,2-1
belfast,20654,1-1
belfast,20655,1-1
belfast,20656,2-1
belfast,20670,4-1
belfast,20673,1-1
belfast,20675,1-1
belfast,20676,1-1
belfast,20677,1-1
belfast,20678,1-1
belfast,20694,2-1
belfast,20702,2-1
belfast,20713,4-1
belfast,20749,1-1
belfast,20773,2-1
belfast,20785,1-1
belfast,20846,1-1
belfast,20856,1-1
belfast,20867,2-1
belfast,20897,4-1
belfast,20898,2-1
belfast,20924,3-1
belfast,20927,3-1
belfast,20985,1-1
belfast,21106,2-1
belfast,21133,1-1
belfast,21159,3-1
belfast,21164,2-1
belfast,21166,1-1
belfast,21167,1-1
belfast,21168,1-1
belfast,21173,1-1
belfast,21177,1-1
belfast,21180,1-1
belfast,21189,2-1
belfast,21190,2-1
belfast,21219,1-1
belfast,21252,2-1
belfast,21254,1-1
belfast,21255,1-1
belfast,21269,4-1
belfast,21279,4-1
belfast,21290,2-1
belfast,21327,1-1
belfast,21344,2-1
belfast,21347,3-1
belfast,21348,1-1
belfast,21349,1-1
belfast,21350,2-1
belfast,21351,1-1
belfast,21353,1-1
belfast,21428,1-1
belfast,21431,1-1
belfast,21442,1-1
belfast,21456,1-1
belfast,21483,1-1
belfast,21560,4-1
belfast,21599,2-1
belfast,21618,1-1
belfast,21650,3-1
belfast,21682,1-1
belfast,21778,3-1
belfast,21806,2-1
belfast,21822,1-1
belfast,21824,3-1
belfast,21825,1-1
belfast,21833,3-1
belfast,21846,2-1
belfast,21856,1-1
belfast,21879,2-1
belfast,21886,1-1
belfast,21949,1-1
belfast,21969,1-1
belfast,21974,1-1
belfast,21976,3-1
belfast,21990,1-1
belfast,22004,1-1
belfast,22013,3-1
belfast,22014,3-1
belfast,22017,1-1
belfast,22019,1-1
belfast,22020,1-1
belfast,22021,1-1
belfast,22070,1-1
belfast,22073,1-1
belfast,22079,2-1
belfast,22081,1-1
belfast,22089,1-1
belfast,22121,1-1
belfast,22159,1-1
belfast,22171,2-1
belfast,22261,1-1
belfast,22270,1-1
belfast,22279,1-1
belfast,22314,3-1
belfast,22346,3-1
belfast,22359,3-1
belfast,22360,1-1
belfast,22387,1-1
belfast,22451,2-1
belfast,22459,1-1
belfast,22466,1-1
belfast,22468,3-1
belfast,22482,1-1
belfast,22498,1-1
belfast,22506,1-1
belfast,22509,2-1
belfast,22520,1-1
belfast,22526,1-1
belfast,22556,2-1
belfast,22598,1-1
belfast,22600,1-1
belfast,22615,3-1
belfast,22627,2-1
belfast,22641,1-1
belfast,22675,1-1
belfast,22695,1-1
belfast,22705,2-1
belfast,22714,1-1
belfast,22781,3-1
belfast,22804,1-1
belfast,22827,1-1
belfast,22829,1-1
belfast,22830,1-1
belfast,22835,3-1
belfast,22881,4-1
belfast,22925,3-1
belfast,22939,2-1
belfast,22989,1-1
belfast,23039,1-1
belfast,23040,1-1
belfast,23104,2-1
belfast,23136,1-1
belfast,23176,1-1
belfast,23185,1-1
belfast,23186,1-1
belfast,23192,1-1
belfast,23195,1-1
belfast,23201,1-1
belfast,23204,1-1
belfast,23218,4-1
belfast,23226,1-1
belfast,23240,2-1
belfast,23242,2-1
belfast,23251,1-1
belfast,23264,1-1
belfast,23274,2-1
belfast,23275,1-1
belfast,23277,3-1
belfast,23282,2-1
belfast,23313,1-1
belfast,23318,4-1
belfast,23324,1-1
belfast,23338,1-1
belfast,23346,1-1
belfast,23350,4-1
belfast,23358,1-1
belfast,23360,1-1
belfast,23373,1-1
belfast,23381,1-1
belfast,23390,1-1
belfast,23402,4-1
belfast,23427,1-1
belfast,23442,2-1
belfast,23497,1-1
belfast,23502,4-1
belfast,23528,1-1
belfast,23554,1-1
belfast,23559,1-1
belfast,23572,1-1
belfast,23608,1-1
belfast,23689,4-1
belfast,23715,1-1
belfast,23740,3-1
belfast,23760,1-1
belfast,23975,1-1
belfast,23978,1-1
belfast,23991,1-1
belfast,24022,1-1
belfast,24046,1-1
belfast,24050,3-1
belfast,24055,1-1
belfast,24056,2-1
belfast,24067,1-1
belfast,24075,1-1
belfast,24080,1-1
belfast,24085,2-1
belfast,24086,1-1
belfast,24169,1-1
belfast,24460,2-1
belfast,24467,1-1
belfast,24483,2-1
belfast,24510,1-1
belfast,24536,1-1
belfast,24616,2-1
belfast,24663,1-1
belfast,24666,1-1
belfast,24748,1-1
belfast,24751,2-1
belfast,24759,2-1
belfast,24875,1-1
belfast,24959,1-1
belfast,24982,3-1
belfast,25111,1-1
belfast,25121,1-1
belfast,25261,1-1
belfast,25299,2-1
belfast,25387,2-1
belfast,25645,1-1
belfast,25745,3-1
belfast,25802,1-1
belfast,25807,3-1
belfast,25828,1-1
belfast,25830,1-1
belfast,25850,1-1
belfast,25854,1-1
belfast,25865,1-1
belfast,25892,1-1
belfast,25978,1-1
belfast,25993,1-1
belfast,26022,1-1
belfast,26357,1-1
belfast,26407,2-1
belfast,26414,1-1
belfast,26417,1-1
belfast,26423,1-1
belfast,26458,3-1
belfast,26494,2-1
belfast,26495,2-1
belfast,26498,1-1
belfast,26630,2-1
belfast,26643,1-1
belfast,26683,2-1
belfast,26711,1-1
belfast,26712,1-1
belfast,26714,1-1
belfast,26718,2-1
belfast,26724,1-1
belfast,26736,4-1
belfast,26761,2-1
belfast,26872,1-1
belfast,26874,1-1
belfast,26875,1-1
belfast,26876,2-1
belfast,26886,2-1
belfast,26983,1-1
belfast,27084,1-1
belfast,27140,1-1
belfast,27161,2-1
belfast,27166,1-1
belfast,27169,1-1
belfast,27173,1-1
belfast,27197,1-1
belfast,27252,1-1
belfast,27254,1-1
belfast,27256,1-1
belfast,27432,1-1
belfast,27539,2-1
belfast,27584,4-1
belfast,27591,1-1
belfast,27599,1-1
belfast,27610,1-1
belfast,27631,1-1
belfast,27633,1-1
belfast,27639,1-1
belfast,27664,3-1
belfast,27687,3-1
belfast,27737,2-1
belfast,27865,2-1
belfast,28078,1-1
belfast,28101,1-1
belfast,28103,2-1
belfast,28109,2-1
belfast,28117,1-1
belfast,28846,1-1
belfast,29201,1-1
belfast,29227,3-1
belfast,29269,2-1
belfast,29273,1-1
belfast,29294,1-1
belfast,29333,1-1
belfast,29593,1-1
belfast,29594,2-1
belfast,29626,1-1
belfast,29770,1-1
belfast,29825,1-1
belfast,29833,1-1
belfast,29834,4-1
belfast,29835,1-1
belfast,29836,1-1
belfast,29902,3-1
belfast,29928,1-1
belfast,29933,3-1
belfast,29938,3-1
belfast,29954,3-1
belfast,29961,2-1
belfast,30018,1-1
belfast,30139,2-1
belfast,30303,1-1
belfast,30312,2-1
belfast,30318,2-1
belfast,30327,3-1
belfast,30334,1-1
belfast,30341,2-1
belfast,30350,2-1
belfast,30376,2-1
belfast,30388,1-1
belfast,30407,1-1
belfast,30417,2-1
belfast,30421,2-1
belfast,30432,1-1
belfast,30437,1-1
belfast,30473,3-1
belfast,30491,1-1
belfast,30496,1-1
belfast,30543,3-1
belfast,30546,3-1
belfast,30561,1-1
belfast,30569,1-1
belfast,30598,1-1
belfast,30641,1-1
belfast,30653,2-1
belfast,30659,1-1
belfast,30661,1-1
belfast,30678,2-1
belfast,30681,1-1
belfast,30684,1-1
belfast,30687,1-1
belfast,30699,1-1
belfast,30715,2-1
belfast,30719,2-1
belfast,30729,1-1
belfast,30737,1-1
belfast,30740,1-1
belfast,30744,3-1
belfast,30778,1-1
belfast,30784,1-1
belfast,30810,3-1
belfast,30848,2-1
belfast,30849,1-1
belfast,30862,1-1
belfast,30887,1-1
belfast,30926,1-1
belfast,30929,1-1
belfast,30972,2-1
belfast,30975,1-1
belfast,30997,3-1
belfast,31122,1-1
belfast,31123,2-1
belfast,31124,3-1
belfast,31158,3-1
belfast,31164,1-1
belfast,31167,1-1
belfast,31188,1-1
belfast,31193,1-1
belfast,31194,1-1
belfast,31204,1-1
belfast,31208,1-1
belfast,31214,1-1
belfast,31245,1-1
belfast,31251,1-1
belfast,31252,2-1
belfast,31269,2-1
belfast,31284,2-1
belfast,31298,1-1
belfast,31300,4-1
belfast,31330,1-1
belfast,31334,1-1
belfast,31343,4-1
belfast,31389,1-1
belfast,31393,2-1
belfast,31403,1-1
belfast,31404,1-1
belfast,31407,1-1
belfast,31412,1-1
belfast,31425,2-1
belfast,31451,1-1
belfast,31466,1-1
belfast,31471,1-1
belfast,31481,1-1
belfast,31504,1-1
belfast,31506,1-1
belfast,31510,1-1
belfast,31512,1-1
belfast,31527,1-1
belfast,31535,1-1
belfast,31570,2-1
belfast,31594,1-1
belfast,31606,3-1
belfast,31607,2-1
belfast,31611,1-1
belfast,31629,3-1
belfast,31651,4-1
belfast,31677,2-1
belfast,31682,3-1
belfast,31685,3-1
belfast,31687,2-1
belfast,31690,2-1
belfast,31697,1-1
belfast,31709,3-1
belfast,31711,4-1
belfast,31712,1-1
belfast,31722,1-1
belfast,31741,2-1
belfast,31802,4-1
belfast,31814,2-1
belfast,31815,2-1
belfast,31831,1-1
belfast,31832,1-1
belfast,31837,1-1
belfast,31854,4-1
belfast,31908,2-1
belfast,31927,1-1
belfast,31928,2-1
belfast,31958,1-1
belfast,31962,1-1
belfast,32015,1-1
belfast,32029,1-1
belfast,32060,1-1
belfast,32076,1-1
belfast,32080,1-1
belfast,32094,1-1
belfast,32096,1-1
belfast,32123,2-1
belfast,32124,1-1
belfast,32127,1-1
belfast,32130,1-1
belfast,32143,1-1
belfast,32144,4-1
belfast,32146,2-1
belfast,32149,1-1
belfast,32152,1-1
belfast,32153,3-1
belfast,32154,1-1
belfast,32158,1-1
belfast,32164,1-1
belfast,32171,1-1
belfast,32182,1-1
belfast,32187,1-1
belfast,32189,1-1
belfast,32190,2-1
belfast,32191,1-1
belfast,32204,1-1
belfast,32205,1-1
belfast,32208,1-1
belfast,32231,3-1
belfast,32238,1-1
belfast,32256,1-1
belfast,32257,1-1
belfast,32263,1-1
belfast,32277,1-1
belfast,32312,3-1
belfast,32330,2-1
belfast,32369,1-1
belfast,32371,1-1
belfast,32374,1-1
belfast,32375,1-1
belfast,32384,1-1
belfast,32397,1-1
belfast,32427,3-1
belfast,32435,3-1
belfast,32478,1-1
belfast,32487,1-1
belfast,32496,1-1
belfast,32497,1-1
belfast,32500,1-1
belfast,32521,3-1
belfast,32550,2-1
belfast,32551,1-1
belfast,32556,1-1
belfast,32573,2-1
belfast,32575,1-1
belfast,32621,1-1
belfast,32634,1-1
belfast,32669,1-1
belfast,32670,2-1
belfast,32673,2-1
belfast,32675,4-1
belfast,32729,1-1
belfast,32731,1-1
belfast,32733,1-1
belfast,32735,2-1
belfast,32757,1-1
belfast,32760,1-1
belfast,32783,1-1
belfast,32791,3-1
belfast,32793,1-1
belfast,32797,4-1
belfast,32814,1-1
belfast,32830,1-1
belfast,32852,1-1
belfast,32853,2-1
belfast,32855,1-1
belfast,32881,2-1
belfast,32894,3-1
belfast,32905,2-1
belfast,32917,2-1
belfast,32925,3-1
belfast,32926,1-1
belfast,32927,1-1
belfast,32940,1-1
belfast,32951,1-1
belfast,32994,4-1
belfast,33005,2-1
belfast,33028,4-1
belfast,33055,3-1
belfast,33056,1-1
belfast,33087,2-1
belfast,33099,1-1
belfast,33107,1-1
belfast,33109,1-1
belfast,33113,1-1
belfast,33119,3-1
belfast,33142,1-1
belfast,33144,2-1
belfast,33149,1-1
belfast,33155,1-1
belfast,33212,1-1
belfast,33220,1-1
belfast,33225,1-1
belfast,33228,2-1
belfast,33264,3-1
belfast,33268,1-1
belfast,33288,3-1
belfast,33316,1-1
belfast,33319,1-1
belfast,33325,1-1
belfast,33336,1-1
belfast,33343,1-1
belfast,33346,1-1
belfast,33350,1-1
belfast,33374,1-1
belfast,33376,1-1
belfast,33378,1-1
belfast,33380,4-1
belfast,33430,2-1
belfast,33448,4-1
belfast,33483,1-1
belfast,33623,1-1
belfast,33625,1-1
belfast,33657,1-1
belfast,33675,1-1
belfast,33680,1-1
belfast,33702,1-1
belfast,33714,1-1
belfast,33719,1-1
belfast,33734,1-1
belfast,33820,1-1
belfast,33823,4-1
belfast,33875,1-1
belfast,33885,1-1
belfast,33889,1-1
belfast,33897,2-1
belfast,33916,1-1
belfast,33918,2-1
belfast,33929,1-1
belfast,33981,1-1
belfast,34040,1-1
belfast,34045,3-1
belfast,34059,3-1
belfast,34074,3-1
belfast,34089,1-1
belfast,34108,2-1
belfast,34112,1-1
belfast,34116,1-1
belfast,34132,2-1
belfast,34161,1-1
belfast,34169,1-1
belfast,34175,1-1
belfast,34193,1-1
belfast,34205,3-1
belfast,34220,1-1
belfast,34227,1-1
belfast,34234,1-1
belfast,34246,1-1
belfast,34255,3-1
belfast,34291,1-1
belfast,34297,1-1
belfast,34302,1-1
belfast,34335,1-1
belfast,34359,1-1
belfast,34361,2-1
belfast,34387,3-1
belfast,34395,2-1
belfast,34426,1-1
belfast,34436,1-1
belfast,34472,2-1
belfast,34483,1-1
belfast,34492,1-1
belfast,34502,3-1
belfast,34513,3-1
belfast,34526,1-1
belfast,34532,1-1
belfast,34541,1-1
belfast,34582,1-1
belfast,34616,4-1
belfast,34622,1-1
belfast,34636,2-1
belfast,34641,1-1
belfast,34642,1-1
belfast,34643,2-1
belfast,34662,1-1
belfast,34681,3-1
belfast,34705,3-1
belfast,34714,3-1
belfast,34809,1-1
belfast,34818,1-1
belfast,34820,3-1
belfast,34828,3-1
belfast,34845,2-1
belfast,34849,3-1
belfast,34862,3-1
belfast,34876,1-1
belfast,34890,1-1
belfast,34898,2-1
belfast,34909,1-1
belfast,34946,1-1
belfast,35014,1-1
belfast,35018,1-1
belfast,35057,2-1
belfast,35062,2-1
belfast,35075,2-1
belfast,35085,2-1
belfast,35100,1-1
belfast,35108,2-1
belfast,35119,1-1
belfast,35139,2-1
belfast,35140,1-1
belfast,35141,2-1
belfast,35145,2-1
belfast,35151,1-1
belfast,35153,1-1
belfast,35154,1-1
belfast,35155,1-1
belfast,35165,2-1
belfast,35180,1-1
belfast,35196,1-1
belfast,35210,1-1
belfast,35225,1-1
belfast,35248,1-1
belfast,35254,1-1
belfast,35266,1-1
belfast,35268,1-1
belfast,35308,1-1
belfast,35324,1-1
belfast,35327,1-1
belfast,35334,1-1
belfast,35349,1-1
belfast,35350,1-1
belfast,35371,1-1
belfast,35382,1-1
belfast,35391,1-1
belfast,35414,1-1
belfast,35429,1-1
belfast,35439,2-1
belfast,35450,3-1
belfast,35485,1-1
belfast,35486,1-1
belfast,35491,2-1
belfast,35516,1-1
belfast,35651,1-1
belfast,35654,2-1
belfast,35682,1-1
belfast,35694,1-1
belfast,35712,2-1
belfast,35714,1-1
belfast,35718,1-1
belfast,35720,2-1
belfast,35762,3-1
belfast,35763,1-1
belfast,35780,1-1
belfast,35781,1-1
belfast,35782,2-1
belfast,35791,1-1
belfast,35794,1-1
belfast,35823,1-1
belfast,35824,1-1
belfast,35830,1-1
belfast,35852,4-1
belfast,35884,2-1
belfast,35890,1-1
belfast,35896,3-1
belfast,35926,1-1
belfast,35953,3-1
belfast,35973,2-1
belfast,36045,2-1
belfast,36048,2-1
belfast,36072,1-1
belfast,36080,1-1
belfast,36083,1-1
belfast,36086,2-1
belfast,36087,3-1
belfast,36138,1-1
belfast,36188,2-1
belfast,36200,3-1
belfast,36289,1-1
belfast,36304,1-1
belfast,36317,1-1
belfast,36321,1-1
belfast,36340,2-1
belfast,36341,2-1
belfast,36361,2-1
belfast,36367,1-1
belfast,36380,1-1
belfast,36386,1-1
belfast,36406,2-1
belfast,36417,1-1
belfast,36481,1-1
belfast,36487,1-1
belfast,36528,1-1
belfast,36569,2-1
belfast,36571,2-1
belfast,36582,4-1
belfast,36668,1-1
belfast,36816,1-1
belfast,36849,1-1
belfast,36854,1-1
belfast,36866,1-1
belfast,36875,1-1
belfast,36891,1-1
belfast,36927,1-1
belfast,36930,1-1
belfast,36971,1-1
belfast,37012,1-1
belfast,37048,1-1
belfast,37063,3-1
belfast,37079,1-1
belfast,37085,2-1
belfast,37088,1-1
belfast,37103,1-1
belfast,37107,1-1
belfast,37136,4-1
belfast,37171,1-1
belfast,37183,1-1
belfast,37184,1-1
belfast,37188,1-1
belfast,37198,4-1
belfast,37246,1-1
belfast,37248,1-1
belfast,37252,2-1
belfast,37254,1-1
belfast,37260,1-1
belfast,37270,2-1
belfast,37290,1-1
belfast,37356,1-1
belfast,37388,1-1
belfast,37398,1-1
belfast,37415,1-1
belfast,37430,1-1
belfast,37448,1-1
belfast,37469,3-1
belfast,37499,1-1
belfast,37649,1-1
belfast,37826,1-1
belfast,37948,1-1
belfast,37958,1-1
belfast,38011,1-1
belfast,38019,1-1
belfast,38051,1-1
belfast,38080,1-1
belfast,38089,2-1
belfast,38148,1-1
belfast,38154,1-1
belfast,38256,2-1
belfast,38499,1-1
belfast,38523,1-1
belfast,38524,1-1
belfast,38529,1-1
belfast,38588,1-1
belfast,38591,1-1
belfast,38609,1-1
belfast,38642,2-1
belfast,38649,2-1
belfast,38664,1-1
belfast,38674,2-1
belfast,38738,1-1
belfast,38809,1-1
belfast,38813,1-1
belfast,38816,1-1
belfast,38817,2-1
belfast,38822,1-1
belfast,38843,1-1
belfast,38854,1-1
belfast,38865,1-1
belfast,38890,4-1
belfast,38896,1-1
belfast,38916,1-1
belfast,38951,1-1
belfast,38962,1-1
belfast,38985,1-1
belfast,38989,1-1
belfast,39014,1-1
belfast,39019,3-1
belfast,39025,1-1
belfast,39036,1-1
belfast,39067,1-1
belfast,39068,1-1
belfast,39087,1-1
belfast,39090,1-1
belfast,39138,1-1
belfast,39144,1-1
belfast,39149,1-1
belfast,39192,1-1
belfast,39213,1-1
belfast,39220,3-1
belfast,39227,1-1
belfast,39228,3-1
belfast,39230,1-1
belfast,39240,2-1
belfast,39242,2-1
belfast,39266,2-1
belfast,39298,1-1
belfast,39308,3-1
belfast,39332,1-1
belfast,39347,1-1
belfast,39348,1-1
belfast,39354,3-1
belfast,39360,1-1
belfast,39367,2-1
belfast,39381,1-1
belfast,39416,3-1
belfast,39425,2-1
belfast,39534,1-1
belfast,39554,3-1
belfast,40209,3-1
belfast,40229,4-1
belfast,40231,3-1
belfast,40242,1-1
belfast,40262,1-1
belfast,40266,2-1
belfast,40318,1-1
belfast,40324,1-1
belfast,40340,3-1
belfast,40357,1-1
belfast,40361,1-1
belfast,40400,1-1
belfast,40438,3-1
belfast,40455,1-1
belfast,40459,1-1
belfast,40490,1-1
belfast,40506,1-1
belfast,40536,1-1
belfast,40553,1-1
belfast,41004,4-1
belfast,41173,1-1
belfast,41552,3-1
belfast,41591,1-1
belfast,41596,1-1
belfast,41614,1-1
belfast,41620,1-1
belfast,41659,2-1
belfast,41663,1-1
belfast,41667,1-1
belfast,41726,2-1
belfast,42210,1-1
belfast,42211,2-1
belfast,42215,2-1
belfast,42375,1-1
belfast,42630,1-1
belfast,42813,2-1
belfast,42917,3-1
belfast,42919,2-1
belfast,42923,1-1
belfast,42926,1-1
belfast,43049,1-1
belfast,43090,1-1
belfast,43169,1-1
belfast,43206,1-1
belfast,43250,1-1
belfast,43269,2-1
belfast,43270,1-1
belfast,43273,1-1
belfast,43291,1-1
belfast,43314,1-1
belfast,43334,1-1
belfast,43338,1-1
belfast,43339,1-1
belfast,43560,1-1
belfast,43561,1-1
belfast,43562,2-1
belfast,43563,2-1
belfast,43575,1-1
belfast,43577,1-1
belfast,43618,1-1
belfast,43624,1-1
belfast,43627,1-1
belfast,43631,2-1
belfast,43633,1-1
belfast,43645,1-1
belfast,43652,1-1
belfast,43677,3-1
belfast,43726,1-1
belfast,43731,2-1
belfast,43741,1-1
belfast,43745,2-1
belfast,43765,3-1
belfast,43773,1-1
belfast,43774,1-1
belfast,43794,1-1
belfast,43829,3-1
belfast,43831,3-1
belfast,43906,2-1
belfast,43940,1-1
belfast,43999,1-1
belfast,44010,2-1
belfast,44015,1-1
belfast,44018,1-1
belfast,44023,1-1
belfast,44031,1-1
belfast,44037,1-1
belfast,44048,1-1
belfast,44061,2-1
belfast,44231,1-1
belfast,44308,1-1
belfast,44317,2-1
belfast,44358,1-1
belfast,44421,1-1
belfast,44430,1-1
belfast,44432,1-1
belfast,44489,1-1
belfast,44501,1-1
belfast,44510,1-1
belfast,44513,1-1
belfast,44560,2-1
belfast,44563,3-1
belfast,44573,2-1
belfast,44576,1-1
belfast,44577,1-1
belfast,44585,1-1
belfast,44645,1-1
belfast,44646,1-1
belfast,44651,1-1
belfast,44662,2-1
belfast,44668,1-1
belfast,44670,1-1
belfast,44702,2-1
belfast,44719,1-1
belfast,44724,1-1
belfast,44739,1-1
belfast,44744,3-1
belfast,44749,1-1
belfast,44752,1-1
belfast,44753,2-1
belfast,44754,1-1
belfast,44819,1-1
belfast,44848,1-1
belfast,44857,1-1
belfast,44867,1-1
belfast,44875,1-1
belfast,44928,1-1
belfast,44932,1-1
belfast,44937,2-1
belfast,44938,1-1
belfast,44963,1-1
belfast,45002,1-1
belfast,45009,2-1
belfast,45011,2-1
belfast,45062,1-1
belfast,45097,1-1
belfast,45102,3-1
belfast,45108,1-1
belfast,45110,1-1
belfast,45126,1-1
belfast,45128,2-1
belfast,45129,1-1
belfast,45140,1-1
belfast,45149,1-1
belfast,45291,1-1
belfast,45306,3-1
belfast,45362,3-1
belfast,45448,3-1
belfast,45490,1-1
belfast,45588,1-1
belfast,45765,1-1
belfast,45823,1-1
belfast,45851,2-1
belfast,45859,2-1
belfast,45860,1-1
belfast,45862,1-1
belfast,45863,2-1
belfast,45905,3-1
belfast,45906,3-1
belfast,45967,1-1
belfast,45984,4-1
belfast,46120,2-1
belfast,46187,1-1
belfast,46208,1-1
belfast,46210,1-1
belfast,46628,1-1
belfast,46806,1-1
belfast,46810,1-1
belfast,46811,1-1
belfast,46817,1-1
belfast,46842,3-1
belfast,46852,2-1
belfast,46865,1-1
belfast,46899,1-1
belfast,46961,2-1
belfast,46977,1-1
belfast,46996,1-1
belfast,47016,3-1
belfast,47046,1-1
belfast,47070,1-1
belfast,47089,1-1
belfast,47094,4-1
belfast,47096,2-1
belfast,47100,3-1
belfast,47101,2-1
belfast,47102,1-1
belfast,47103,2-1
belfast,47108,3-1
belfast,47134,1-1
belfast,47163,1-1
belfast,47166,1-1
belfast,47170,3-1
belfast,47215,2-1
belfast,47235,2-1
belfast,47248,1-1
belfast,47268,1-1
belfast,47271,1-1
belfast,47280,4-1
belfast,47294,1-1
belfast,47312,1-1
belfast,47372,1-1
belfast,47375,1-1
belfast,47413,1-1
belfast,47420,1-1
belfast,47438,1-1
belfast,47465,2-1
belfast,47466,2-1
belfast,47467,1-1
belfast,47470,2-1
belfast,47475,1-1
belfast,47503,2-1
belfast,47509,1-1
belfast,47512,1-1
belfast,47515,2-1
belfast,47521,2-1
belfast,47542,2-1
belfast,47545,4-1
belfast,47580,1-1
belfast,47589,1-1
belfast,47601,1-1
belfast,47605,2-1
belfast,47611,1-1
belfast,47620,1-1
belfast,47621,2-1
belfast,47623,2-1
belfast,47625,1-1
belfast,47650,2-1
belfast,47659,2-1
belfast,47661,1-1
belfast,47668,2-1
belfast,47709,1-1
belfast,47719,2-1
belfast,47728,1-1
belfast,47743,3-1
belfast,47745,1-1
belfast,47746,1-1
belfast,47785,1-1
belfast,47793,1-1
belfast,48004,2-1
belfast,48034,3-1
belfast,48049,1-1
belfast,48061,1-1
belfast,48084,1-1
belfast,48085,3-1
belfast,48098,1-1
belfast,48112,1-1
belfast,48114,3-1
belfast,48145,1-1
belfast,48242,1-1
belfast,48256,1-1
belfast,48261,1-1
belfast,48262,1-1
belfast,48278,2-1
belfast,48288,1-1
belfast,48349,1-1
belfast,48351,1-1
belfast,48366,1-1
belfast,48449,1-1
belfast,48470,1-1
belfast,48517,1-1
belfast,48559,1-1
belfast,48562,1-1
belfast,48565,2-1
belfast,48568,1-1
belfast,48573,2-1
belfast,48574,2-1
belfast,48642,1-1
belfast,48666,1-1
belfast,48675,1-1
belfast,48699,1-1
belfast,48731,1-1
belfast,48833,4-1
belfast,48836,1-1
belfast,48850,1-1
belfast,48857,1-1
belfast,48873,1-1
belfast,48891,1-1
belfast,48892,2-1
belfast,48896,1-1
belfast,48906,2-1
belfast,48923,1-1
belfast,48925,1-1
belfast,48943,1-1
belfast,48982,2-1
belfast,49016,1-1
belfast,49056,2-1
belfast,49067,2-1
belfast,49070,2-1
belfast,49071,2-1
belfast,49087,1-1
belfast,49114,1-1
belfast,49160,2-1
belfast,49175,1-1
belfast,49177,1-1
belfast,49200,1-1
belfast,49260,1-1
belfast,49276,2-1
belfast,49281,1-1
belfast,49293,1-1
belfast,49304,3-1
belfast,49380,2-1
belfast,49381,3-1
belfast,49459,2-1
belfast,49468,3-1
belfast,49469,1-1
belfast,49481,1-1
belfast,49482,1-1
belfast,49512,1-1
belfast,49530,1-1
belfast,49542,1-1
belfast,49662,1-1
belfast,49691,1-1
belfast,49692,3-1
belfast,49704,3-1
belfast,49783,1-1
belfast,49794,1-1
belfast,49799,1-1
belfast,49817,2-1
belfast,49819,1-1
belfast,49825,1-1
belfast,49828,1-1
belfast,49862,1-1
belfast,49866,1-1
belfast,49876,1-1
belfast,49877,4-1
belfast,49884,2-1
belfast,49885,2-1
belfast,49904,1-1
belfast,49907,1-1
belfast,49908,1-1
belfast,49914,1-1
belfast,49933,2-1
belfast,49960,1-1
belfast,49990,1-1
belfast,49993,2-1
belfast,49994,2-1
belfast,50001,1-1
belfast,50010,1-1
belfast,50011,1-1
belfast,50019,2-1
belfast,50020,1-1
belfast,50025,1-1
belfast,50027,1-1
belfast,50049,1-1
belfast,50057,2-1
belfast,50081,1-1
belfast,50084,1-1
belfast,50103,1-1
belfast,50116,1-1
belfast,50119,4-1
belfast,50153,4-1
belfast,50325,1-1
belfast,50392,1-1
belfast,50397,4-1
belfast,50399,1-1
belfast,50406,1-1
belfast,50448,1-1
belfast,50455,1-1
belfast,50456,1-1
belfast,50458,1-1
belfast,50461,3-1
belfast,50462,1-1
belfast,50464,2-1
belfast,50466,1-1
belfast,50468,1-1
belfast,50472,4-1
belfast,50480,3-1
belfast,50485,4-1
belfast,50489,1-1
belfast,50492,3-1
belfast,50504,1-1
belfast,50506,1-1
belfast,50527,3-1
belfast,50528,1-1
belfast,50537,1-1
belfast,50539,1-1
belfast,50542,2-1
belfast,50554,1-1
belfast,50605,1-1
belfast,50616,1-1
belfast,50680,3-1
belfast,50685,2-1
belfast,50723,1-1
belfast,50725,1-1
belfast,50730,1-1
belfast,50779,3-1
belfast,50833,2-1
belfast,50835,1-1
belfast,50836,1-1
belfast,50844,1-1
belfast,50848,1-1
belfast,50849,1-1
belfast,50856,3-1
belfast,50871,4-1
belfast,50900,4-1
belfast,50915,1-1
belfast,50918,1-1
belfast,50943,1-1
belfast,50953,1-1
belfast,50975,1-1
belfast,50990,2-1
belfast,51002,1-1
belfast,51005,1-1
belfast,51014,2-1
belfast,51022,3-1
belfast,51056,1-1
belfast,51057,2-1
belfast,51121,4-1
belfast,51217,1-1
belfast,51226,2-1
belfast,51253,1-1
belfast,51296,1-1
belfast,51300,1-1
belfast,51313,1-1
belfast,51365,1-1
belfast,51404,1-1
belfast,51473,1-1
belfast,51495,1-1
belfast,51506,4-1
belfast,51531,1-1
belfast,51558,3-1
belfast,51559,1-1
belfast,51603,4-1
belfast,51616,1-1
belfast,51617,2-1
belfast,51622,1-1
belfast,51625,3-1
belfast,51634,1-1
belfast,51640,1-1
belfast,51653,3-1
belfast,51655,1-1
belfast,51672,1-1
belfast,51678,1-1
belfast,51737,1-1
belfast,51739,1-1
belfast,51740,1-1
belfast,51741,1-1
belfast,51744,1-1
belfast,51750,1-1
belfast,51781,1-1
belfast,51837,1-1
belfast,51864,1-1
belfast,51871,1-1
belfast,51874,1-1
belfast,51886,1-1
belfast,51890,2-1
belfast,51891,1-1
belfast,51895,2-1
belfast,51899,2-1
belfast,51931,2-1
belfast,51936,1-1
belfast,51941,1-1
belfast,51942,1-1
belfast,51943,3-1
belfast,51966,2-1
belfast,52029,3-1
belfast,52030,2-1
belfast,52032,1-1
belfast,52038,3-1
belfast,52053,1-1
belfast,52057,3-1
belfast,52067,1-1
belfast,52068,1-1
belfast,52082,1-1
belfast,52086,2-1
belfast,52091,1-1
belfast,52102,1-1
belfast,52109,1-1
belfast,52113,1-1
belfast,52123,1-1
belfast,52126,1-1
belfast,52136,2-1
belfast,52139,1-1
belfast,52160,4-1
belfast,52174,1-1
belfast,52195,1-1
belfast,52267,1-1
belfast,52281,1-1
belfast,52352,1-1
belfast,52356,1-1
belfast,52371,1-1
belfast,52375,2-1
belfast,52376,1-1
belfast,52378,1-1
belfast,52394,1-1
belfast,52397,1-1
belfast,52413,4-1
belfast,52438,1-1
belfast,52480,1-1
belfast,52525,1-1
belfast,52530,1-1
belfast,52534,1-1
belfast,52535,3-1
belfast,52536,3-1
belfast,52567,1-1
belfast,52605,2-1
belfast,52671,3-1
belfast,52679,1-1
belfast,52682,1-1
belfast,52685,1-1
belfast,52687,1-1
belfast,52689,2-1
belfast,52696,3-1
belfast,52734,1-1
belfast,52742,4-1
belfast,52768,1-1
belfast,52769,1-1
belfast,52772,1-1
belfast,52780,1-1
belfast,52841,1-1
belfast,52856,1-1
belfast,52924,1-1
belfast,52925,4-1
belfast,52936,2-1
belfast,52944,3-1
belfast,52973,1-1
belfast,52984,1-1
belfast,53013,1-1
belfast,53052,1-1
belfast,53056,1-1
belfast,53100,1-1
belfast,53138,1-1
belfast,53144,2-1
belfast,53146,3-1
belfast,53149,1-1
belfast,53206,1-1
belfast,53217,2-1
belfast,53277,1-1
belfast,53297,1-1
belfast,53311,2-1
belfast,53314,1-1
belfast,53316,1-1
belfast,53350,1-1
belfast,53361,1-1
belfast,53381,2-1
belfast,53397,1-1
belfast,53401,2-1
belfast,53408,4-1
belfast,53415,1-1
belfast,53425,1-1
belfast,53446,1-1
belfast,53462,1-1
belfast,53476,1-1
belfast,53511,1-1
belfast,53513,2-1
belfast,53523,1-1
belfast,53547,1-1
belfast,53556,1-1
belfast,53567,1-1
belfast,53571,4-1
belfast,53740,2-1
belfast,53742,1-1
belfast,53750,1-1
belfast,53768,1-1
belfast,53770,2-1
belfast,53775,1-1
belfast,53843,3-1
belfast,53844,1-1
belfast,53847,1-1
belfast,53848,1-1
belfast,53913,1-1
belfast,53925,1-1
belfast,53941,1-1
belfast,53950,1-1
belfast,53957,1-1
belfast,53975,1-1
belfast,53995,2-1
belfast,54002,2-1
belfast,54063,3-1
belfast,54067,1-1
belfast,54083,1-1
belfast,54085,1-1
belfast,54121,1-1
belfast,54131,1-1
belfast,54175,3-1
belfast,54227,1-1
belfast,54240,1-1
belfast,54247,1-1
belfast,54414,1-1
belfast,54426,1-1
belfast,54430,2-1
belfast,54455,1-1
belfast,54484,1-1
belfast,54489,1-1
belfast,54525,1-1
belfast,54526,3-1
belfast,54547,1-1
belfast,54548,1-1
belfast,54551,2-1
belfast,54559,2-1
belfast,54569,4-1
belfast,54571,1-1
belfast,54588,1-1
belfast,54600,1-1
belfast,54602,1-1
belfast,54615,1-1
belfast,54621,2-1
belfast,54624,1-1
belfast,54628,1-1
belfast,54806,1-1
belfast,54822,1-1
belfast,54843,2-1
belfast,54861,3-1
belfast,54868,1-1
belfast,54891,1-1
belfast,54902,1-1
belfast,54908,3-1
belfast,54919,1-1
belfast,54920,3-1
belfast,54944,3-1
belfast,54950,2-1
belfast,54951,2-1
belfast,54956,3-1
belfast,55047,1-1
belfast,55163,1-1
belfast,55214,3-1
belfast,55234,3-1
belfast,55242,1-1
belfast,55302,1-1
belfast,55344,1-1
belfast,55373,3-1
belfast,55379,1-1
belfast,55380,2-1
belfast,55382,1-1
belfast,55392,1-1
belfast,55399,1-1
belfast,55413,2-1
belfast,55458,1-1
belfast,55724,1-1
belfast,55729,2-1
belfast,55751,1-1
belfast,55757,1-1
belfast,55785,1-1
belfast,55815,2-1
belfast,55818,1-1
belfast,55839,2-1
belfast,55854,1-1
belfast,55855,1-1
belfast,55857,1-1
belfast,55858,1-1
belfast,55926,1-1
belfast,55946,2-1
belfast,55948,1-1
belfast,55954,3-1
belfast,55970,1-1
belfast,56016,1-1
belfast,56039,1-1
belfast,56060,3-1
belfast,56069,1-1
belfast,56275,4-1
belfast,56276,3-1
belfast,56285,1-1
belfast,56296,1-1
belfast,56299,1-1
belfast,56343,1-1
belfast,56370,2-1
belfast,56385,1-1
belfast,56429,1-1
belfast,56438,1-1
belfast,56631,1-1
belfast,56681,1-1
belfast,56682,1-1
belfast,56684,1-1
belfast,56700,1-1
belfast,56934,2-1
belfast,56944,4-1
belfast,56980,1-1
belfast,56996,3-1
belfast,56998,1-1
belfast,56999,3-1
belfast,57008,2-1
belfast,57019,1-1
belfast,57034,1-1
belfast,57043,1-1
belfast,57048,4-1
belfast,57056,1-1
belfast,57058,1-1
belfast,57108,1-1
belfast,57112,1-1
belfast,57173,1-1
belfast,57174,2-1
belfast,57675,1-1
belfast,57682,1-1
belfast,57750,1-1
belfast,57751,3-1
belfast,57752,3-1
belfast,58117,3-1
belfast,58130,2-1
belfast,58223,1-1
belfast,58224,1-1
belfast,58233,1-1
belfast,58272,1-1
belfast,58306,3-1
belfast,58307,1-1
belfast,58438,2-1
belfast,58439,1-1
belfast,58472,1-1
belfast,58488,1-1
belfast,58734,1-1
belfast,58736,1-1
belfast,58748,1-1
belfast,58750,1-1
belfast,58751,4-1
belfast,58752,1-1
belfast,58753,2-1
belfast,58755,1-1
belfast,58777,1-1
belfast,58784,2-1
belfast,58788,1-1
belfast,59528,1-1
belfast,59790,1-1
belfast,59811,1-1
belfast,60579,1-1
belfast,60679,4-1
belfast,60825,1-1
belfast,61029,1-1
belfast,61333,1-1
belfast,61334,1-1
belfast,61335,1-1
belfast,61336,3-1
belfast,61337,1-1
belfast,61374,1-1
belfast,61387,1-1
belfast,61446,2-1
belfast,61447,2-1
belfast,61451,1-1
belfast,61455,1-1
belfast,61456,1-1
belfast,61483,1-1
belfast,61501,1-1
belfast,61502,1-1
belfast,61506,1-1
belfast,61528,2-1
belfast,61791,1-1
belfast,61792,2-1
belfast,61793,3-1
belfast,61795,1-1
belfast,61797,2-1
belfast,61806,1-1
belfast,61880,1-1
belfast,61881,2-1
belfast,61883,1-1
belfast,63476,1-1
belfast,63480,3-1
belfast,63506,1-1
belfast,63583,1-1
belfast,63585,1-1
belfast,63637,1-1
belfast,63649,1-1
belfast,63651,2-1
belfast,63656,2-1
belfast,63866,1-1
belfast,63873,1-1
belfast,63909,1-1
belfast,63911,1-1
belfast,63948,2-1
belfast,63958,1-1
belfast,63997,1-1
belfast,64082,2-1
belfast,64088,1-1
belfast,64129,1-1
belfast,64241,1-1
belfast,64268,1-1
belfast,64270,1-1
belfast,64271,4-1
belfast,64405,1-1
belfast,64454,1-1
belfast,64475,1-1
belfast,64476,1-1
belfast,64481,1-1
belfast,64509,1-1
belfast,64521,1-1
belfast,64522,1-1
belfast,64523,1-1
belfast,64528,1-1
belfast,64540,3-1
belfast,64584,1-1
belfast,64592,2-1
belfast,64604,2-1
belfast,64610,2-1
belfast,64636,1-1
belfast,64646,2-1
belfast,64658,4-1
belfast,64681,1-1
belfast,64701,1-1
belfast,64728,1-1
belfast,64764,1-1
belfast,64777,1-1
belfast,64815,1-1
belfast,64822,1-1
belfast,64825,2-1
belfast,64846,1-1
belfast,64847,1-1
belfast,64867,1-1
belfast,64903,1-1
belfast,64907,1-1
belfast,64908,1-1
belfast,64909,1-1
belfast,64914,1-1
belfast,64916,1-1
belfast,64946,1-1
belfast,64953,1-1
belfast,64961,1-1
belfast,64963,4-1
belfast,64964,1-1
belfast,64968,1-1
belfast,64982,1-1
belfast,64986,1-1
belfast,64994,4-1
belfast,64998,1-1
belfast,65028,1-1
belfast,65045,1-1
belfast,65054,2-1
belfast,65055,2-1
belfast,65056,1-1
belfast,65062,1-1
belfast,65066,1-1
belfast,65085,2-1
belfast,65089,1-1
belfast,65094,1-1
belfast,65106,1-1
belfast,65132,2-1
belfast,65175,2-1
belfast,65177,1-1
belfast,65178,1-1
belfast,65184,3-1
belfast,65189,2-1
belfast,65193,1-1
belfast,65209,1-1
belfast,65214,1-1
belfast,65221,1-1
belfast,65234,1-1
belfast,65242,1-1
belfast,65248,1-1
belfast,65252,1-1
belfast,65258,1-1
belfast,65265,1-1
belfast,65272,1-1
belfast,65277,2-1
belfast,65278,1-1
belfast,65285,3-1
belfast,65291,1-1
belfast,65409,2-1
belfast,65412,2-1
belfast,65420,1-1
belfast,65461,1-1
belfast,65464,1-1
belfast,65487,2-1
belfast,65531,4-1
belfast,65595,1-1
belfast,65614,1-1
belfast,65618,3-1
belfast,65625,1-1
belfast,65631,1-1
belfast,65644,1-1
belfast,65662,1-1
belfast,65663,2-1
belfast,65664,2-1
belfast,65666,1-1
belfast,65669,1-1
belfast,65701,3-1
belfast,65727,1-1
belfast,65729,1-1
belfast,65782,4-1
belfast,65786,1-1
belfast,65790,1-1
belfast,65801,4-1
belfast,65858,1-1
belfast,65916,2-1
belfast,65925,2-1
belfast,65926,1-1
belfast,65928,1-1
belfast,65929,1-1
belfast,65930,1-1
belfast,65950,3-1
belfast,65958,1-1
belfast,66007,1-1
belfast,66013,4-1
belfast,66020,1-1
belfast,66023,2-1
belfast,66033,2-1
belfast,66065,1-1
belfast,66071,1-1
belfast,66096,1-1
belfast,66104,3-1
belfast,66105,3-1
belfast,66109,1-1
belfast,66163,2-1
belfast,66176,1-1
belfast,66177,2-1
belfast,66180,1-1
belfast,66181,2-1
belfast,66194,1-1
belfast,66196,1-1
belfast,66202,1-1
belfast,66211,1-1
belfast,66226,3-1
belfast,66228,1-1
belfast,66267,1-1
belfast,66325,2-1
belfast,66330,1-1
belfast,66336,3-1
belfast,66338,3-1
belfast,66346,1-1
belfast,66379,1-1
belfast,66380,1-1
belfast,66383,1-1
belfast,66433,1-1
belfast,66488,1-1
belfast,66503,1-1
belfast,66506,1-1
belfast,66523,3-1
belfast,66528,1-1
belfast,66529,2-1
belfast,66533,1-1
belfast,66537,2-1
belfast,66541,1-1
belfast,66549,1-1
belfast,66550,1-1
belfast,66552,1-1
belfast,66561,1-1
belfast,66562,4-1
belfast,66563,2-1
belfast,66574,1-1
belfast,66577,4-1
belfast,66586,2-1
belfast,66587,1-1
belfast,66588,1-1
belfast,66594,2-1
belfast,66600,2-1
belfast,66616,2-1
belfast,66633,1-1
belfast,66639,2-1
belfast,66669,1-1
belfast,66689,1-1
belfast,66701,2-1
belfast,66744,2-1
belfast,66769,1-1
belfast,66773,1-1
belfast,66790,3-1
belfast,66794,1-1
belfast,66797,3-1
belfast,66813,2-1
belfast,66860,2-1
belfast,66868,1-1
belfast,66877,2-1
belfast,66893,1-1
belfast,66901,1-1
belfast,66905,2-1
belfast,66917,3-1
belfast,66922,1-1
belfast,66936,1-1
belfast,66944,1-1
belfast,67001,1-1
belfast,67017,1-1
belfast,67026,1-1
belfast,67029,3-1
belfast,67037,1-1
belfast,67038,1-1
belfast,67043,2-1
belfast,67055,1-1
belfast,67059,2-1
belfast,67068,1-1
belfast,67109,2-1
belfast,67128,1-1
belfast,67149,2-1
belfast,67151,1-1
belfast,67156,3-1
belfast,67164,4-1
belfast,67169,3-1
belfast,67174,3-1
belfast,67176,4-1
belfast,67179,2-1
belfast,67195,1-1
belfast,67224,1-1
belfast,67227,1-1
belfast,67237,1-1
belfast,67238,1-1
belfast,67247,1-1
belfast,67251,1-1
belfast,67258,1-1
belfast,67269,1-1
belfast,67310,1-1
belfast,67338,3-1
belfast,67341,1-1
belfast,67370,1-1
belfast,67388,1-1
belfast,67436,1-1
belfast,67499,1-1
belfast,67501,1-1
belfast,67503,1-1
belfast,67504,2-1
belfast,67505,1-1
belfast,67506,1-1
belfast,67511,2-1
belfast,67513,3-1
belfast,67523,1-1
belfast,67528,1-1
belfast,67546,1-1
belfast,67575,1-1
belfast,67582,1-1
belfast,67624,1-1
belfast,67651,1-1
belfast,67662,1-1
belfast,67663,2-1
belfast,67664,1-1
belfast,67672,1-1
belfast,67724,2-1
belfast,67725,2-1
belfast,67730,1-1
belfast,67731,2-1
belfast,67756,1-1
belfast,67757,1-1
belfast,67785,1-1
belfast,67786,1-1
belfast,67803,1-1
belfast,67804,2-1
belfast,67806,4-1
belfast,67832,1-1
belfast,67837,1-1
belfast,67850,3-1
belfast,67851,3-1
belfast,67867,1-1
belfast,67882,1-1
belfast,67893,1-1
belfast,67899,1-1
belfast,67904,3-1
belfast,67905,3-1
belfast,67918,1-1
belfast,67919,1-1
belfast,67921,2-1
belfast,67922,1-1
belfast,67924,2-1
belfast,67931,1-1
belfast,67955,1-1
belfast,67990,2-1
belfast,67993,3-1
belfast,68033,4-1
belfast,68036,3-1
belfast,68049,1-1
belfast,68055,2-1
belfast,68067,1-1
belfast,68083,1-1
belfast,68155,2-1
belfast,68156,2-1
belfast,68157,2-1
belfast,68164,1-1
belfast,68166,2-1
belfast,68213,2-1
belfast,68214,2-1
belfast,68215,1-1
belfast,68217,2-1
belfast,68218,1-1
belfast,68219,2-1
belfast,68224,1-1
belfast,68236,1-1
belfast,68239,1-1
belfast,68266,3-1
belfast,68280,1-1
belfast,68287,1-1
belfast,68291,2-1
belfast,68294,1-1
belfast,68303,1-1
belfast,68309,1-1
belfast,68317,1-1
belfast,68326,2-1
belfast,68359,1-1
belfast,68360,1-1
belfast,68366,3-1
belfast,68369,3-1
belfast,68370,2-1
belfast,68372,1-1
belfast,68399,1-1
belfast,68408,4-1
belfast,68418,1-1
belfast,68435,1-1
belfast,68436,1-1
belfast,68440,1-1
belfast,68441,1-1
belfast,68451,1-1
belfast,68467,3-1
belfast,68470,1-1
belfast,68487,1-1
belfast,68508,1-1
belfast,68531,1-1
belfast,68539,1-1
belfast,68549,1-1
belfast,68553,1-1
belfast,68555,4-1
belfast,68557,4-1
belfast,68560,2-1
belfast,68584,1-1
belfast,68585,1-1
belfast,68592,1-1
belfast,68593,1-1
belfast,68596,1-1
belfast,68597,1-1
belfast,68598,1-1
belfast,68602,3-1
belfast,68604,1-1
belfast,68700,1-1
belfast,68704,3-1
belfast,68707,4-1
belfast,68738,1-1
belfast,68756,2-1
belfast,68757,1-1
belfast,68764,1-1
belfast,68790,3-1
belfast,68792,1-1
belfast,68795,1-1
belfast,68811,1-1
belfast,68818,2-1
belfast,68832,1-1
belfast,68844,1-1
belfast,68846,4-1
belfast,68874,1-1
belfast,68891,3-1
belfast,68898,1-1
belfast,68899,1-1
belfast,68904,1-1
belfast,68907,1-1
belfast,68928,1-1
belfast,68929,2-1
belfast,68962,1-1
belfast,68969,1-1
belfast,68971,1-1
belfast,68975,1-1
belfast,68999,3-1
belfast,69091,2-1
belfast,69102,2-1
belfast,69109,2-1
belfast,69110,2-1
belfast,69131,1-1
belfast,69150,1-1
belfast,69151,1-1
belfast,69167,4-1
belfast,69169,1-1
belfast,69171,1-1
belfast,69172,4-1
belfast,69178,1-1
belfast,69186,4-1
belfast,69187,4-1
belfast,69191,4-1
belfast,69209,3-1
belfast,69215,4-1
belfast,69222,1-1
belfast,69230,1-1
belfast,69237,1-1
belfast,69241,1-1
belfast,69269,1-1
belfast,69285,1-1
belfast,69288,2-1
belfast,69299,1-1
belfast,69376,3-1
belfast,69379,1-1
belfast,69380,3-1
belfast,69381,1-1
belfast,69398,1-1
belfast,69418,1-1
belfast,69456,2-1
belfast,69515,1-1
belfast,69593,2-1
belfast,69599,3-1
belfast,69600,1-1
belfast,69609,1-1
belfast,69619,3-1
belfast,69620,1-1
belfast,69728,1-1
belfast,69806,1-1
belfast,69834,1-1
belfast,69838,1-1
belfast,69839,1-1
belfast,69841,2-1
belfast,69944,1-1
belfast,70017,1-1
belfast,70069,1-1
belfast,70073,3-1
belfast,70084,1-1
belfast,70090,1-1
belfast,70118,2-1
belfast,70171,2-1
belfast,70190,1-1
belfast,70414,1-1
belfast,70420,2-1
belfast,70438,4-1
belfast,70455,1-1
belfast,70478,1-1
belfast,70505,1-1
belfast,70512,1-1
belfast,70526,1-1
belfast,70527,1-1
belfast,70535,2-1
belfast,70538,3-1
belfast,70554,1-1
belfast,70620,1-1
belfast,70632,1-1
belfast,70633,1-1
belfast,70645,3-1
belfast,70653,1-1
belfast,70688,1-1
belfast,70736,1-1
belfast,70794,1-1
belfast,70795,1-1
belfast,70799,1-1
belfast,70801,2-1
belfast,70803,1-1
belfast,70816,1-1
belfast,70817,1-1
belfast,70839,3-1
belfast,70846,1-1
belfast,70872,2-1
belfast,70875,1-1
belfast,70883,1-1
belfast,70887,1-1
belfast,70890,2-1
belfast,70894,1-1
belfast,70908,1-1
belfast,70909,1-1
belfast,70910,1-1
belfast,70913,1-1
belfast,70939,4-1
belfast,70941,2-1
belfast,70942,1-1
belfast,70944,2-1
belfast,70946,2-1
belfast,70956,1-1
belfast,70958,1-1
belfast,70960,2-1
belfast,70966,1-1
belfast,70972,1-1
belfast,70974,1-1
belfast,70999,2-1
belfast,71001,1-1
belfast,71002,3-1
belfast,71012,1-1
belfast,71020,1-1
belfast,71126,1-1
belfast,71134,1-1
belfast,71141,1-1
belfast,71240,1-1
belfast,71251,1-1
belfast,71253,2-1
belfast,71304,2-1
belfast,71313,2-1
belfast,71315,1-1
belfast,71324,3-1
belfast,71344,1-1
belfast,71372,1-1
belfast,71376,1-1
belfast,71377,1-1
belfast,71383,2-1
belfast,71385,1-1
belfast,71407,1-1
belfast,71426,1-1
belfast,71429,1-1
belfast,71438,1-1
belfast,71457,3-1
belfast,71550,1-1
belfast,71598,1-1
belfast,71600,3-1
belfast,71603,3-1
belfast,71608,1-1
belfast,71609,4-1
belfast,71692,4-1
belfast,71731,1-1
belfast,71742,1-1
belfast,71750,2-1
belfast,71751,2-1
belfast,71754,1-1
belfast,71764,1-1
belfast,71769,2-1
belfast,71773,1-1
belfast,71780,1-1
belfast,71791,1-1
belfast,71794,2-1
belfast,71825,1-1
belfast,71826,1-1
belfast,71834,1-1
belfast,71839,2-1
belfast,71842,1-1
belfast,71870,1-1
belfast,71874,2-1
belfast,71897,1-1
belfast,71931,1-1
belfast,71933,1-1
belfast,71941,1-1
belfast,71962,1-1
belfast,71963,1-1
belfast,71997,1-1
belfast,71999,2-1
belfast,72020,1-1
belfast,72024,1-1
belfast,72025,1-1
belfast,72027,1-1
belfast,72030,1-1
belfast,72039,1-1
belfast,72042,1-1
belfast,72057,4-1
belfast,72059,1-1
belfast,72069,2-1
belfast,72075,1-1
belfast,72077,1-1
belfast,72078,1-1
belfast,72093,1-1
belfast,72104,1-1
belfast,72134,1-1
belfast,72136,1-1
belfast,72160,1-1
belfast,72162,1-1
belfast,72172,3-1
belfast,72175,1-1
belfast,72185,1-1
belfast,72194,2-1
belfast,72195,1-1
belfast,72201,1-1
belfast,72236,1-1
belfast,72237,3-1
belfast,72239,1-1
belfast,72252,1-1
belfast,72253,1-1
belfast,72261,3-1
belfast,72267,2-1
belfast,72268,2-1
belfast,72271,2-1
belfast,72272,1-1
belfast,72294,2-1
belfast,72310,1-1
belfast,72313,3-1
belfast,72315,1-1
belfast,72316,4-1
belfast,72318,2-1
belfast,72329,1-1
belfast,72345,1-1
belfast,72368,1-1
belfast,72373,1-1
belfast,72376,2-1
belfast,72381,3-1
belfast,72385,4-1
belfast,72391,2-1
belfast,72419,2-1
belfast,72442,2-1
belfast,72446,1-1
belfast,72450,1-1
belfast,72452,3-1
belfast,72466,4-1
belfast,72468,1-1
belfast,72479,1-1
belfast,72483,1-1
belfast,72489,1-1
belfast,72492,1-1
belfast,72493,2-1
belfast,72515,2-1
belfast,72524,1-1
belfast,72528,1-1
belfast,72575,3-1
belfast,72589,2-1
belfast,72593,1-1
belfast,72623,3-1
belfast,72673,1-1
belfast,72727,2-1
belfast,72728,2-1
belfast,72729,1-1
belfast,72730,3-1
belfast,72750,1-1
belfast,72766,2-1
belfast,72770,1-1
belfast,72815,1-1
belfast,72845,1-1
belfast,72863,1-1
belfast,73087,2-1
belfast,73107,1-1
belfast,73115,1-1
belfast,73130,1-1
belfast,73132,1-1
belfast,73265,1-1
belfast,73446,1-1
belfast,73471,1-1
belfast,73473,1-1
belfast,73477,4-1
belfast,73517,1-1
belfast,73533,1-1
belfast,73834,1-1
belfast,73898,1-1
belfast,73911,1-1
belfast,73928,3-1
belfast,73954,1-1
belfast,73973,4-1
belfast,73975,2-1
belfast,73988,2-1
belfast,74086,2-1
belfast,74109,1-1
belfast,74119,2-1
belfast,74120,1-1
belfast,74143,1-1
belfast,74198,1-1
belfast,74251,1-1
belfast,74309,1-1
belfast,74316,1-1
belfast,74370,2-1
belfast,74375,1-1
belfast,74491,1-1
belfast,74493,1-1
belfast,74495,1-1
belfast,74502,1-1
belfast,74527,1-1
belfast,74531,1-1
belfast,74532,1-1
belfast,74564,1-1
belfast,74594,1-1
belfast,74847,1-1
belfast,74874,2-1
belfast,74881,2-1
belfast,74908,1-1
belfast,74938,1-1
belfast,74939,1-1
belfast,74940,4-1
belfast,74954,1-1
belfast,74963,1-1
belfast,75003,3-1
belfast,75041,1-1
belfast,75050,1-1
belfast,75078,2-1
belfast,75087,1-1
belfast,75113,2-1
belfast,75120,1-1
belfast,75284,1-1
belfast,75288,1-1
belfast,75299,1-1
belfast,75330,3-1
belfast,75357,1-1
belfast,75366,1-1
belfast,75370,1-1
belfast,75375,1-1
belfast,75432,3-1
belfast,75446,1-1
belfast,75447,2-1
belfast,75448,2-1
belfast,75463,1-1
belfast,75467,2-1
belfast,75510,1-1
belfast,75536,1-1
belfast,75538,1-1
belfast,75541,1-1
belfast,75549,1-1
belfast,75578,1-1
belfast,75597,3-1
belfast,75628,2-1
belfast,75633,1-1
belfast,75637,1-1
belfast,75642,2-1
belfast,75648,2-1
belfast,75650,1-1
belfast,75655,4-1
belfast,75656,1-1
belfast,75738,1-1
belfast,75741,2-1
belfast,75742,1-1
belfast,75746,1-1
belfast,75774,1-1
belfast,75791,1-1
belfast,75817,2-1
belfast,75820,1-1
belfast,75879,1-1
belfast,75916,1-1
belfast,75942,1-1
belfast,75981,1-1
belfast,75984,2-1
belfast,75988,2-1
belfast,75996,1-1
belfast,76016,1-1
belfast,76040,1-1
belfast,76051,1-1
belfast,76061,1-1
belfast,76074,1-1
belfast,76084,2-1
belfast,76091,1-1
belfast,76111,2-1
belfast,76153,1-1
belfast,76154,1-1
belfast,76155,2-1
belfast,76163,1-1
belfast,76172,2-1
belfast,76182,1-1
belfast,76187,2-1
belfast,76195,1-1
belfast,76196,1-1
belfast,76199,3-1
belfast,76218,3-1
belfast,76219,1-1
belfast,76230,1-1
belfast,76268,1-1
belfast,76271,1-1
belfast,76272,3-1
belfast,76279,2-1
belfast,76280,1-1
belfast,76286,1-1
belfast,76324,3-1
belfast,76329,3-1
belfast,76330,3-1
belfast,76331,1-1
belfast,76352,1-1
belfast,76379,1-1
belfast,76474,3-1
belfast,76571,1-1
belfast,76573,2-1
belfast,76574,1-1
belfast,76575,2-1
belfast,76579,1-1
belfast,76588,1-1
belfast,76590,1-1
belfast,76640,1-1
belfast,76643,3-1
belfast,76648,2-1
belfast,76657,2-1
belfast,76666,1-1
belfast,76702,1-1
belfast,76726,1-1
belfast,76740,2-1
belfast,76741,1-1
belfast,76758,1-1
belfast,76760,1-1
belfast,76794,2-1
belfast,76834,1-1
belfast,76835,2-1
belfast,76836,1-1
belfast,76839,1-1
belfast,76842,1-1
belfast,76843,1-1
belfast,76846,1-1
belfast,76854,1-1
belfast,76855,2-1
belfast,76862,1-1
belfast,76863,1-1
belfast,76866,1-1
belfast,76874,1-1
belfast,76889,1-1
belfast,76902,1-1
belfast,76906,2-1
belfast,76962,4-1
belfast,76965,2-1
belfast,76987,3-1
belfast,76994,1-1
belfast,77007,2-1
belfast,77019,1-1
belfast,77053,2-1
belfast,77058,1-1
belfast,77068,1-1
belfast,77079,1-1
belfast,77081,1-1
belfast,77089,1-1
belfast,77092,1-1
belfast,77143,1-1
belfast,77150,1-1
belfast,77151,1-1
belfast,77157,1-1
belfast,77162,1-1
belfast,77171,1-1
belfast,77187,1-1
belfast,77192,1-1
belfast,77193,1-1
belfast,77207,2-1
belfast,77220,3-1
belfast,77221,1-1
belfast,77228,1-1
belfast,77234,4-1
belfast,77242,1-1
belfast,77281,4-1
belfast,77302,3-1
belfast,77313,1-1
belfast,77345,1-1
belfast,77362,4-1
belfast,77370,1-1
belfast,77372,4-1
belfast,77376,1-1
belfast,77377,1-1
belfast,77389,1-1
belfast,77396,2-1
belfast,77402,1-1
belfast,77410,1-1
belfast,77421,1-1
belfast,77430,1-1
belfast,77442,1-1
belfast,77443,1-1
belfast,77444,1-1
belfast,77446,1-1
belfast,77463,1-1
belfast,77464,1-1
belfast,77533,1-1
belfast,77550,1-1
belfast,77562,2-1
belfast,77584,4-1
belfast,77649,1-1
belfast,77651,2-1
belfast,77671,1-1
belfast,77674,1-1
belfast,77676,1-1
belfast,77681,1-1
belfast,77682,1-1
belfast,77685,1-1
belfast,77701,1-1
belfast,77702,1-1
belfast,77707,2-1
belfast,77717,1-1
belfast,77723,2-1
belfast,77736,2-1
belfast,77740,1-1
belfast,77748,1-1
belfast,77755,1-1
belfast,77774,2-1
belfast,77789,1-1
belfast,77841,1-1
belfast,77845,1-1
belfast,77848,1-1
belfast,77849,2-1
belfast,77860,2-1
belfast,77872,1-1
belfast,77873,1-1
belfast,77893,1-1
belfast,77910,1-1
belfast,77921,1-1
belfast,77925,1-1
belfast,77930,1-1
belfast,77932,1-1
belfast,77949,1-1
belfast,77952,1-1
belfast,77953,4-1
belfast,78018,1-1
belfast,78026,1-1
belfast,78037,1-1
belfast,78038,1-1
belfast,78039,1-1
belfast,78040,1-1
belfast,78044,1-1
belfast,78046,1-1
belfast,78083,3-1
belfast,78091,1-1
belfast,78099,1-1
belfast,78103,1-1
belfast,78105,2-1
belfast,78130,3-1
belfast,78153,1-1
belfast,78188,1-1
belfast,78223,1-1
belfast,78228,1-1
belfast,78238,1-1
belfast,78268,1-1
belfast,78299,1-1
belfast,78300,1-1
belfast,78303,2-1
belfast,78312,2-1
belfast,78318,1-1
belfast,78331,1-1
belfast,78335,1-1
belfast,78354,3-1
belfast,78362,2-1
belfast,78449,2-1
belfast,78458,3-1
belfast,78460,1-1
belfast,78475,1-1
belfast,78485,1-1
belfast,78486,3-1
belfast,78488,1-1
belfast,78489,3-1
belfast,78494,1-1
belfast,78500,1-1
belfast,78537,1-1
belfast,78546,3-1
belfast,78547,2-1
belfast,78555,1-1
belfast,78557,1-1
belfast,78619,3-1
belfast,78643,3-1
belfast,78647,4-1
belfast,78656,1-1
belfast,78681,1-1
belfast,78720,4-1
belfast,78729,2-1
belfast,78749,1-1
belfast,78762,1-1
belfast,78787,1-1
belfast,78806,1-1
belfast,78821,1-1
belfast,78834,1-1
belfast,78846,2-1
belfast,78852,1-1
belfast,78863,1-1
belfast,78882,1-1
belfast,78883,1-1
belfast,78939,1-1
belfast,78964,3-1
belfast,79003,1-1
belfast,79012,2-1
belfast,79014,2-1
belfast,79015,1-1
belfast,79018,1-1
belfast,79036,3-1
belfast,79059,1-1
belfast,79075,1-1
belfast,79086,2-1
belfast,79114,1-1
belfast,79116,3-1
belfast,79121,1-1
belfast,79132,1-1
belfast,79151,3-1
belfast,79155,1-1
belfast,79159,2-1
belfast,79161,1-1
belfast,79163,2-1
belfast,79164,2-1
belfast,79180,1-1
belfast,79185,1-1
belfast,79190,1-1
belfast,79207,1-1
belfast,79209,3-1
belfast,79213,1-1
belfast,79221,3-1
belfast,79237,2-1
belfast,79248,1-1
belfast,79262,4-1
belfast,79290,1-1
belfast,79303,4-1
belfast,79305,1-1
belfast,79308,1-1
belfast,79311,4-1
belfast,79320,2-1
belfast,79324,1-1
belfast,79326,2-1
belfast,79335,2-1
belfast,79344,1-1
belfast,79345,4-1
belfast,79362,1-1
belfast,79382,1-1
belfast,79383,2-1
belfast,79388,1-1
belfast,79389,1-1
belfast,79401,1-1
belfast,79404,1-1
belfast,79406,1-1
belfast,79407,2-1
belfast,79431,1-1
belfast,79440,2-1
belfast,79500,1-1
belfast,79520,1-1
belfast,79532,1-1
belfast,79535,1-1
belfast,79537,1-1
belfast,79538,1-1
belfast,79540,2-1
belfast,79565,1-1
belfast,79568,2-1
belfast,79582,1-1
belfast,79590,1-1
belfast,79595,1-1
belfast,79596,1-1
belfast,79619,1-1
belfast,79633,1-1
belfast,79691,4-1
belfast,79696,1-1
belfast,79722,2-1
belfast,79727,1-1
belfast,79730,1-1
belfast,79879,1-1
belfast,79881,3-1
belfast,79898,1-1
belfast,79917,1-1
belfast,79918,1-1
belfast,79925,1-1
belfast,79930,1-1
belfast,79947,1-1
belfast,79950,1-1
belfast,79957,2-1
belfast,79968,1-1
belfast,79974,3-1
belfast,79978,2-1
belfast,79995,1-1
belfast,79997,1-1
belfast,80002,2-1
belfast,80008,2-1
belfast,80026,1-1
belfast,80032,2-1
belfast,80035,1-1
belfast,80036,1-1
belfast,80049,1-1
belfast,80065,1-1
belfast,80067,1-1
belfast,80072,1-1
belfast,80081,4-1
belfast,80091,1-1
belfast,80148,1-1
belfast,80151,1-1
belfast,80161,1-1
belfast,80165,2-1
belfast,80177,1-1
belfast,80185,1-1
belfast,80197,1-1
belfast,80225,1-1
belfast,80227,2-1
belfast,80235,1-1
belfast,80242,3-1
belfast,80307,1-1
belfast,80323,2-1
belfast,80330,1-1
belfast,80332,1-1
belfast,80334,1-1
belfast,80388,1-1
belfast,80408,1-1
belfast,80411,1-1
belfast,80416,1-1
belfast,80417,1-1
belfast,80430,1-1
belfast,80441,1-1
belfast,80444,1-1
belfast,80459,1-1
belfast,80460,1-1
belfast,80466,1-1
belfast,80480,4-1
belfast,80505,1-1
belfast,80511,1-1
belfast,80512,2-1
belfast,80521,1-1
belfast,80527,1-1
belfast,80528,1-1
belfast,80531,1-1
belfast,80542,3-1
belfast,80601,1-1
belfast,80605,1-1
belfast,80609,1-1
belfast,80618,1-1
belfast,80635,2-1
belfast,80660,1-1
belfast,80663,2-1
belfast,80666,4-1
belfast,80670,1-1
belfast,80675,1-1
belfast,80684,2-1
belfast,80692,1-1
belfast,80702,1-1
belfast,80712,1-1
belfast,80722,1-1
belfast,80776,1-1
belfast,80784,1-1
belfast,80792,1-1
belfast,80795,1-1
belfast,80801,1-1
belfast,80802,1-1
belfast,80803,1-1
belfast,80804,3-1
belfast,80818,1-1
belfast,80826,1-1
belfast,80828,1-1
belfast,80832,1-1
belfast,80833,1-1
belfast,80835,1-1
belfast,80836,1-1
belfast,80840,4-1
belfast,80846,1-1
belfast,80851,1-1
belfast,80883,1-1
belfast,80892,2-1
belfast,80894,1-1
belfast,80904,1-1
belfast,80940,2-1
belfast,80943,1-1
belfast,80989,3-1
belfast,80995,1-1
belfast,81022,3-1
belfast,81026,3-1
belfast,81045,2-1
belfast,81054,1-1
belfast,81147,2-1
belfast,81149,2-1
belfast,81176,1-1
belfast,81177,2-1
belfast,81200,1-1
belfast,81211,1-1
belfast,81212,1-1
belfast,81243,1-1
belfast,81252,1-1
belfast,81253,1-1
belfast,81257,1-1
belfast,81258,1-1
belfast,81266,1-1
belfast,81289,1-1
belfast,81321,1-1
belfast,81322,2-1
belfast,81324,1-1
belfast,81325,1-1
belfast,81332,1-1
belfast,81362,2-1
belfast,81370,1-1
belfast,81382,1-1
belfast,81391,1-1
belfast,81395,1-1
belfast,81402,1-1
belfast,81415,1-1
belfast,81449,3-1
belfast,81451,1-1
belfast,81483,1-1
belfast,81489,1-1
belfast,81500,1-1
belfast,81501,1-1
belfast,81503,1-1
belfast,81506,3-1
belfast,81510,1-1
belfast,81521,1-1
belfast,81526,1-1
belfast,81527,1-1
belfast,81563,1-1
belfast,81581,1-1
belfast,81587,1-1
belfast,81597,1-1
belfast,81609,1-1
belfast,81616,3-1
belfast,81626,1-1
belfast,81637,4-1
belfast,81642,1-1
belfast,81647,1-1
belfast,81656,1-1
belfast,81661,1-1
belfast,81685,1-1
belfast,81687,1-1
belfast,81703,1-1
belfast,81704,1-1
belfast,81719,1-1
belfast,81744,1-1
belfast,81756,1-1
belfast,81761,1-1
belfast,81768,1-1
belfast,81780,1-1
belfast,81798,1-1
belfast,81825,1-1
belfast,81830,1-1
belfast,81887,1-1
belfast,81903,1-1
belfast,81914,1-1
belfast,81922,1-1
belfast,81980,2-1
belfast,81994,1-1
belfast,82004,3-1
belfast,82009,3-1
belfast,82016,1-1
belfast,82056,1-1
belfast,82117,1-1
belfast,82118,2-1
belfast,82128,3-1
belfast,82133,4-1
belfast,82135,1-1
belfast,82148,1-1
belfast,82149,1-1
belfast,82167,1-1
belfast,82174,1-1
belfast,82185,1-1
belfast,82186,1-1
belfast,82213,1-1
belfast,82254,1-1
belfast,82279,1-1
belfast,82316,1-1
belfast,82317,1-1
belfast,82347,2-1
belfast,82348,1-1
belfast,82351,2-1
belfast,82363,1-1
belfast,82393,1-1
belfast,82396,1-1
belfast,82401,1-1
belfast,82450,2-1
belfast,82459,1-1
belfast,82472,1-1
belfast,82476,2-1
belfast,82480,4-1
belfast,82491,1-1
belfast,82495,1-1
belfast,82496,1-1
belfast,82516,1-1
belfast,82517,1-1
belfast,82520,2-1
belfast,82521,2-1
belfast,82529,4-1
belfast,82573,3-1
belfast,82583,2-1
belfast,82590,1-1
belfast,82591,3-1
belfast,82602,1-1
belfast,82617,2-1
belfast,82620,2-1
belfast,82622,1-1
belfast,82627,1-1
belfast,82641,1-1
belfast,82692,2-1
belfast,82732,3-1
belfast,82762,1-1
belfast,82769,1-1
belfast,82773,4-1
belfast,82778,1-1
belfast,82779,1-1
belfast,82783,1-1
belfast,82788,2-1
belfast,82814,1-1
belfast,82816,2-1
belfast,82882,1-1
belfast,82898,1-1
belfast,82902,1-1
belfast,82916,1-1
belfast,82923,1-1
belfast,82932,1-1
belfast,82936,1-1
belfast,82939,3-1
belfast,82941,3-1
belfast,82952,1-1
belfast,82958,2-1
belfast,82976,1-1
belfast,82981,2-1
belfast,83007,2-1
belfast,83009,1-1
belfast,83069,1-1
belfast,83078,1-1
belfast,83080,2-1
belfast,83082,1-1
belfast,83091,1-1
belfast,83224,1-1
belfast,83395,1-1
belfast,83409,2-1
belfast,83427,2-1
belfast,83434,1-1
belfast,83441,3-1
belfast,83535,1-1
belfast,83544,4-1
belfast,83677,3-1
belfast,83678,1-1
belfast,83888,1-1
belfast,83896,1-1
belfast,84001,1-1
belfast,84012,2-1
belfast,84029,1-1
belfast,84045,1-1
belfast,84059,1-1
belfast,84066,2-1
belfast,84090,1-1
belfast,84118,1-1
belfast,84119,1-1
belfast,84127,4-1
belfast,84129,1-1
belfast,84172,1-1
belfast,84199,1-1
belfast,84202,2-1
belfast,84224,1-1
belfast,84226,1-1
belfast,84252,3-1
belfast,84275,1-1
belfast,84293,2-1
belfast,84296,1-1
belfast,84364,1-1
belfast,84408,1-1
belfast,84477,1-1
belfast,84488,1-1
belfast,84522,2-1
belfast,84524,1-1
belfast,84525,1-1
belfast,84532,1-1
belfast,84548,1-1
belfast,84549,1-1
belfast,84583,1-1
belfast,84585,1-1
belfast,84590,1-1
belfast,84596,1-1
belfast,84603,1-1
belfast,84631,1-1
belfast,84678,3-1
belfast,84724,1-1
belfast,84748,2-1
belfast,84853,1-1
belfast,84872,1-1
belfast,84881,4-1
belfast,84926,1-1
belfast,84958,3-1
belfast,84976,1-1
belfast,85017,2-1
belfast,85043,1-1
belfast,85063,1-1
belfast,85072,3-1
belfast,85079,2-1
belfast,85091,2-1
belfast,85097,1-1
belfast,85117,4-1
belfast,85125,1-1
belfast,85160,1-1
belfast,85170,1-1
belfast,85184,1-1
belfast,85186,2-1
belfast,85188,2-1
belfast,85197,1-1
belfast,85208,2-1
belfast,85213,1-1
belfast,85215,1-1
belfast,85216,1-1
belfast,85222,1-1
belfast,85224,1-1
belfast,85231,1-1
belfast,85236,1-1
belfast,85240,4-1
belfast,85252,1-1
belfast,85286,1-1
belfast,85295,2-1
belfast,85305,2-1
belfast,85315,2-1
belfast,85323,3-1
belfast,85330,3-1
belfast,85333,1-1
belfast,85336,1-1
belfast,85346,1-1
belfast,85347,1-1
belfast,85358,1-1
belfast,85359,1-1
belfast,85367,1-1
belfast,85369,1-1
belfast,85387,1-1
belfast,85407,1-1
belfast,85442,1-1
belfast,85465,2-1
belfast,85481,1-1
belfast,85493,1-1
belfast,85497,1-1
belfast,85516,1-1
belfast,85520,1-1
belfast,85521,1-1
belfast,85532,1-1
belfast,85540,2-1
belfast,85547,1-1
belfast,85590,2-1
belfast,85597,1-1
belfast,85600,2-1
belfast,85631,1-1
belfast,85635,1-1
belfast,85637,1-1
belfast,85662,2-1
belfast,85668,1-1
belfast,85679,1-1
belfast,85689,1-1
belfast,85695,1-1
belfast,85714,1-1
belfast,85734,3-1
belfast,85739,2-1
belfast,85744,3-1
belfast,85755,1-1
belfast,85757,1-1
belfast,85793,1-1
belfast,85803,1-1
belfast,85824,1-1
belfast,85826,2-1
belfast,85827,1-1
belfast,85852,1-1
belfast,85880,1-1
belfast,85884,1-1
belfast,85891,1-1
belfast,85897,1-1
belfast,85913,1-1
belfast,85921,2-1
belfast,85961,1-1
belfast,85970,1-1
belfast,85972,1-1
belfast,85981,1-1
belfast,86112,1-1
belfast,86127,1-1
belfast,86142,1-1
belfast,86177,2-1
belfast,86181,1-1
belfast,86199,1-1
belfast,86205,2-1
belfast,86249,4-1
belfast,86274,1-1
belfast,86276,1-1
belfast,86291,1-1
belfast,86300,1-1
belfast,86330,1-1
belfast,86353,1-1
belfast,86365,1-1
belfast,86370,1-1
belfast,86375,1-1
belfast,86376,1-1
belfast,86388,1-1
belfast,86569,1-1
belfast,86576,1-1
belfast,86668,1-1
belfast,87124,1-1
belfast,87143,2-1
belfast,87380,4-1
belfast,87628,1-1
belfast,87803,1-1
belfast,87874,1-1
belfast,87930,1-1
belfast,87933,1-1
belfast,87952,2-1
belfast,87964,1-1
belfast,87967,3-1
belfast,87989,1-1
belfast,88097,1-1
belfast,88098,1-1
belfast,88109,1-1
belfast,88148,2-1
belfast,88158,1-1
belfast,88182,2-1
belfast,88184,3-1
belfast,88188,2-1
belfast,88189,2-1
belfast,88274,2-1
belfast,88329,3-1
belfast,88344,2-1
belfast,88421,1-1
belfast,88441,1-1
belfast,88449,1-1
belfast,88464,1-1
belfast,88534,1-1
belfast,88549,1-1
belfast,88554,3-1
belfast,88565,2-1
belfast,88566,2-1
belfast,88570,2-1
belfast,88576,1-1
belfast,88581,4-1
belfast,88635,1-1
belfast,88706,1-1
belfast,88769,1-1
belfast,88785,2-1
belfast,88814,2-1
belfast,88881,2-1
belfast,88937,2-1
belfast,89011,3-1
belfast,89026,1-1
belfast,89116,3-1
belfast,89118,1-1
belfast,89119,1-1
belfast,89121,1-1
belfast,89229,1-1
belfast,89265,1-1
belfast,89318,1-1
belfast,89321,1-1
belfast,89357,1-1
belfast,89441,1-1
belfast,89511,1-1
belfast,89518,1-1
belfast,89789,1-1
belfast,89845,1-1
belfast,89858,1-1
belfast,89865,3-1
belfast,89892,1-1
belfast,89894,1-1
belfast,90104,1-1
belfast,90197,3-1
belfast,90202,1-1
belfast,90479,1-1
belfast,90489,2-1
belfast,90495,1-1
belfast,90496,1-1
belfast,90512,2-1
belfast,90541,1-1
belfast,90563,1-1
belfast,90598,1-1
belfast,90635,1-1
belfast,90641,1-1
belfast,90673,1-1
belfast,90680,1-1
belfast,90748,1-1
belfast,90766,2-1
belfast,90797,1-1
belfast,90816,1-1
belfast,90840,1-1
belfast,90847,2-1
belfast,90897,2-1
belfast,90914,2-1
belfast,90933,1-1
belfast,90991,1-1
belfast,90993,3-1
belfast,90999,1-1
belfast,91019,2-1
belfast,91027,1-1
belfast,91032,1-1
belfast,91039,2-1
belfast,91071,1-1
belfast,91075,1-1
belfast,91087,2-1
belfast,91098,1-1
belfast,91099,1-1
belfast,91107,1-1
belfast,91125,1-1
belfast,91128,1-1
belfast,91132,1-1
belfast,91134,1-1
belfast,91137,3-1
belfast,91161,1-1
belfast,91188,1-1
belfast,91189,1-1
belfast,91198,4-1
belfast,91207,1-1
belfast,91209,2-1
belfast,91221,1-1
belfast,91229,3-1
belfast,91247,1-1
belfast,91263,1-1
belfast,91266,1-1
belfast,91267,1-1
belfast,91268,1-1
belfast,91269,2-1
belfast,91274,1-1
belfast,91335,1-1
belfast,91340,1-1
belfast,91350,1-1
belfast,91382,3-1
belfast,91386,3-1
belfast,91391,1-1
belfast,91398,1-1
belfast,91431,1-1
belfast,91432,4-1
belfast,91464,2-1
belfast,91477,1-1
belfast,91506,1-1
belfast,91532,1-1
belfast,91558,1-1
belfast,91564,1-1
belfast,91581,1-1
belfast,91592,1-1
belfast,91594,1-1
belfast,91596,3-1
belfast,91598,1-1
belfast,91600,1-1
belfast,91601,1-1
belfast,91603,1-1
belfast,91606,1-1
belfast,91607,2-1
belfast,91620,2-1
belfast,91635,1-1
belfast,91644,1-1
belfast,91660,1-1
belfast,91721,1-1
belfast,91732,1-1
belfast,91753,1-1
belfast,91768,3-1
belfast,91769,2-1
belfast,91803,2-1
belfast,91815,1-1
belfast,91826,3-1
belfast,91837,1-1
belfast,91848,2-1
belfast,91863,4-1
belfast,91868,1-1
belfast,91870,2-1
belfast,91879,3-1
belfast,91886,2-1
belfast,91898,4-1
belfast,91908,1-1
belfast,91917,2-1
belfast,92015,2-1
belfast,92053,1-1
belfast,92058,3-1
belfast,92063,1-1
belfast,92087,1-1
belfast,92092,2-1
belfast,92098,1-1
belfast,92117,2-1
belfast,92120,1-1
belfast,92123,1-1
belfast,92126,1-1
belfast,92127,1-1
belfast,92134,1-1
belfast,92145,1-1
belfast,92170,1-1
belfast,92176,2-1
belfast,92183,1-1
belfast,92235,2-1
belfast,92236,2-1
belfast,92251,3-1
belfast,92278,1-1
belfast,92283,2-1
belfast,92287,1-1
belfast,92288,1-1
belfast,92297,1-1
belfast,92430,1-1
belfast,92441,1-1
belfast,92443,1-1
belfast,92450,1-1
belfast,92453,2-1
belfast,92469,2-1
belfast,92492,1-1
belfast,92495,2-1
belfast,92505,1-1
belfast,92507,1-1
belfast,92514,1-1
belfast,92526,1-1
belfast,92529,1-1
belfast,92557,1-1
belfast,92565,1-1
belfast,92603,3-1
belfast,92640,1-1
belfast,92642,2-1
belfast,92691,1-1
belfast,92695,1-1
belfast,92701,2-1
belfast,92708,1-1
belfast,92731,1-1
belfast,92760,1-1
belfast,92765,1-1
belfast,92770,1-1
belfast,92795,1-1
belfast,92814,4-1
belfast,92821,1-1
belfast,92823,1-1
belfast,92825,1-1
belfast,92827,1-1
belfast,92830,1-1
belfast,92843,1-1
belfast,92856,1-1
belfast,92857,2-1
belfast,92863,3-1
belfast,92865,2-1
belfast,92871,1-1
belfast,92890,1-1
belfast,92892,1-1
belfast,92895,1-1
belfast,93070,1-1
belfast,93073,1-1
belfast,93086,1-1
belfast,93101,2-1
belfast,93131,3-1
belfast,93132,2-1
belfast,93135,1-1
belfast,93145,2-1
belfast,93146,1-1
belfast,93148,2-1
belfast,93166,1-1
belfast,93177,3-1
belfast,93192,3-1
belfast,93215,1-1
belfast,93244,1-1
belfast,93269,1-1
belfast,93273,3-1
belfast,93282,3-1
belfast,93283,3-1
belfast,93304,2-1
belfast,93350,3-1
belfast,93360,1-1
belfast,93363,1-1
belfast,93373,1-1
belfast,93376,2-1
belfast,93381,2-1
belfast,93443,1-1
belfast,93505,1-1
belfast,93532,1-1
belfast,93539,1-1
belfast,93541,1-1
belfast,93543,1-1
belfast,93551,3-1
belfast,93557,2-1
belfast,93560,1-1
belfast,93621,1-1
belfast,93753,1-1
belfast,93854,1-1
belfast,93861,1-1
belfast,93898,1-1
belfast,94006,3-1
belfast,94008,2-1
belfast,94050,2-1
belfast,94152,2-1
belfast,94153,1-1
belfast,94188,3-1
belfast,94251,1-1
belfast,94378,1-1
belfast,94410,1-1
belfast,94411,1-1
belfast,94510,1-1
belfast,94516,1-1
belfast,94523,2-1
belfast,94579,1-1
belfast,94695,1-1
belfast,94825,2-1
belfast,94879,1-1
belfast,NA,1-1-1-1-1-1-1-1-1-1-1-1-1-1-1-1-1-1-1-1-1-1-1-1-1-1-1-1-1-1-1-1-1-1-1-1-1-1-1-1-1-1-1-1-1-1-1-1-1-1-1-1-1-1-1-1-1-1-1-1-1-1-1-1-1-1-1-1-1-1-1-1-1-1-1-1-1-1-1-1-1-1-1-1-1-1-1-1-1-1-1-1-1-1-1-1-1-1-1-1-1-1-1-1-1-1-1-1-1-1-1-1-1-1-1-1-1-1-1-1-1-1-1-1-1-1-1-1-1-1-1-1-1-1-1-1-1-1-1-1-1-1-1-1-1-1-1-1-1-1-1-1-1-1-1-1-1-1-1-1-1-1-1-1-1-1-1-1-1-1-1-1-1-1-1-1-1-1-1-1-1-1-1-1-1-1-1-1-1-1-1-1-1-1-1-1-1-1-1-1-1-1-1-1-1-1-1-1-1-1-1-1-1-1-1-1-1-1-1-1-1-1-1-1-1-1-1-1-1-1-1-1-1-1-1-1-1-1-1-1-1-1-1-1-1-1-1-1-1-1-1-1-1-1-1-1-1-1-1-1-1-1-1-1-1-1-1-1-1-1-1-1-1-1-1-1-1-1-1-1-1-1-1-1-1-1-1-1-1-1-1-1-1-1-1-1-1-1-1-1-1-1-1-1-1-1-1-1-1-1-1-1-1-1-1-1-1-1-1-1-1-1-1-1-1-1-1-1-1-1-1-2-2-2-2-2-2-2-2-2-2-2-2-2-2-2-2-2-2-2-2-2-2-2-2-2-2-2-2-2-2-2-2-2-2-2-2-2-2-2-2-2-2-2-2-2-2-2-2-2-2-2-2-2-2-2-2-2-2-2-2-2-2-2-2-2-2-2-2-2-2-2-2-2-2-2-2-2-2-2-2-2-2-2-2-2-2-2-2-2-2-2-2-2-2-2-2-2-2-2-2-2-2-2-2-2-2-2-2-2-2-2-3-3-3-3-3-3-3-3-3-3-3-3-3-3-3-3-3-3-3-3-3-3-3-3-3-3-3-3-3-3-3-3-3-3-3-3-3-3-3-3-3-3-3-3-3-4-4-4-4-4-4-4-4-4-4-4-4-4-4-4-4-4-4-4-1-1-1-1-1-1-1-1-1-1-1-1-1-1-1-1-1-1-1-1-1-1-1-1-1-1-1-1-1-1-1-1-1-1-1-1-1-1-1-1-1-1-1-1-1-1-1-1-1-1-1-1-1-1-1-1-1-1-1-1-1-1-1-1-1-1-1-1-1-1-1-1-1-1-1-1-1-1-1-1-1-1-1-1-1-1-1-1-1-1-1-1-1-1-1-1-1-1-1-1-1-1-1-1-1-1-1-1-1-1-1-1-1-1-1-1-1-1-1-1-1-1-1-1-1-1-1-1-1-1-1-1-1-1-1-1-1-1-1-1-1-1-1-1-1-1-1-1-1-1-1-1-1-1-1-1-1-1-1-1-1-1-1-1-1-1-1-1-1-1-1-1-1-1-1-1-1-1-1-1-1-1-1-1-1-1-1-1-1-1-1-1-1-1-1-1-1-1-1-1-1-1-1-1-1-1-1-1-1-1-1-1-1-1-1-1-1-1-1-1-1-1-1-1-1-1-1-1-1-1-1-1-1-1-1-1-1-1-1-1-1-1-1-1-1-1-1-1-1-1-1-1-1-1-1-1-1-1-1-1-1-1-1-1-1-1-1-1-1-1-1-1-1-1-1-1-1-1-1-1-1-1-1-1-1-1-1-1-1-1-1-1-1-1-1-1-1-1-1-1-1-1-1-1-1-1-1-1-1-1-1-1-1-1-1-1-1-1-1-1-1-1-1-1-1-1-1-1-1-1-1-1-1-1-1-1-1-1-1-1-1-1-1-1-1-1-1-1-1-1-1-1-1-1-1-1-1-1-1-1-1-1-1-1-1-1-1-1-1-1-1-1-1-1-1-1-1-1-1-1-1-1-1-1-1-1-1-1-1-1-1-1-1-1-1-1-1-1-1-1-1-1-1-1-1-1-1-1-1-1-1-1-1-1-1-1-1-1-1-1-1-1-1-1-1-1-1-1-1-1-1-1-1-1-1-1-1-1-1-1-1-1-1-1-1-1-1-1-1-1-1-1-1-1-1-1-1-1-1-1-1-1-1-1-1-1-1-1-1-1-1-1-1-1-1-1-1-1-1-1-1-1-1-1-1-1-1-1-1-1-1-1-1-1-1-1-1-1-1-1-1-1-1-1-1-1
